DEBUG - 2026-05-10 12:37:54 --> Session: Class initialized using 'CodeIgniter\Session\Handlers\FileHandler' driver.
DEBUG - 2026-05-10 12:37:57 --> Session: Class initialized using 'CodeIgniter\Session\Handlers\FileHandler' driver.
WARNING - 2026-05-10 12:37:57 --> [DEPRECATED] Creation of dynamic property App\Controllers\Auth::$db is deprecated in APPPATH\Controllers\BaseController.php on line 41.
 1 SYSTEMPATH\CodeIgniter.php(904): App\Controllers\BaseController->initController(Object(CodeIgniter\HTTP\IncomingRequest), Object(CodeIgniter\HTTP\Response), Object(CodeIgniter\Log\Logger))
 2 SYSTEMPATH\CodeIgniter.php(498): CodeIgniter\CodeIgniter->createController()
 3 SYSTEMPATH\CodeIgniter.php(354): CodeIgniter\CodeIgniter->handleRequest(null, Object(Config\Cache), false)
 4 SYSTEMPATH\Boot.php(363): CodeIgniter\CodeIgniter->run()
 5 SYSTEMPATH\Boot.php(68): CodeIgniter\Boot::runCodeIgniter(Object(CodeIgniter\CodeIgniter))
 6 FCPATH\index.php(59): CodeIgniter\Boot::bootWeb(Object(Config\Paths))
WARNING - 2026-05-10 12:37:57 --> [DEPRECATED] Creation of dynamic property App\Controllers\Auth::$mymodel is deprecated in APPPATH\Controllers\BaseController.php on line 42.
 1 SYSTEMPATH\CodeIgniter.php(904): App\Controllers\BaseController->initController(Object(CodeIgniter\HTTP\IncomingRequest), Object(CodeIgniter\HTTP\Response), Object(CodeIgniter\Log\Logger))
 2 SYSTEMPATH\CodeIgniter.php(498): CodeIgniter\CodeIgniter->createController()
 3 SYSTEMPATH\CodeIgniter.php(354): CodeIgniter\CodeIgniter->handleRequest(null, Object(Config\Cache), false)
 4 SYSTEMPATH\Boot.php(363): CodeIgniter\CodeIgniter->run()
 5 SYSTEMPATH\Boot.php(68): CodeIgniter\Boot::runCodeIgniter(Object(CodeIgniter\CodeIgniter))
 6 FCPATH\index.php(59): CodeIgniter\Boot::bootWeb(Object(Config\Paths))
WARNING - 2026-05-10 12:37:57 --> [DEPRECATED] Creation of dynamic property App\Controllers\Auth::$session is deprecated in APPPATH\Controllers\BaseController.php on line 46.
 1 SYSTEMPATH\CodeIgniter.php(904): App\Controllers\BaseController->initController(Object(CodeIgniter\HTTP\IncomingRequest), Object(CodeIgniter\HTTP\Response), Object(CodeIgniter\Log\Logger))
 2 SYSTEMPATH\CodeIgniter.php(498): CodeIgniter\CodeIgniter->createController()
 3 SYSTEMPATH\CodeIgniter.php(354): CodeIgniter\CodeIgniter->handleRequest(null, Object(Config\Cache), false)
 4 SYSTEMPATH\Boot.php(363): CodeIgniter\CodeIgniter->run()
 5 SYSTEMPATH\Boot.php(68): CodeIgniter\Boot::runCodeIgniter(Object(CodeIgniter\CodeIgniter))
 6 FCPATH\index.php(59): CodeIgniter\Boot::bootWeb(Object(Config\Paths))
DEBUG - 2026-05-10 12:38:03 --> Session: Class initialized using 'CodeIgniter\Session\Handlers\FileHandler' driver.
WARNING - 2026-05-10 12:38:03 --> [DEPRECATED] Creation of dynamic property App\Controllers\Auth::$db is deprecated in APPPATH\Controllers\BaseController.php on line 41.
 1 SYSTEMPATH\CodeIgniter.php(904): App\Controllers\BaseController->initController(Object(CodeIgniter\HTTP\IncomingRequest), Object(CodeIgniter\HTTP\Response), Object(CodeIgniter\Log\Logger))
 2 SYSTEMPATH\CodeIgniter.php(498): CodeIgniter\CodeIgniter->createController()
 3 SYSTEMPATH\CodeIgniter.php(354): CodeIgniter\CodeIgniter->handleRequest(null, Object(Config\Cache), false)
 4 SYSTEMPATH\Boot.php(363): CodeIgniter\CodeIgniter->run()
 5 SYSTEMPATH\Boot.php(68): CodeIgniter\Boot::runCodeIgniter(Object(CodeIgniter\CodeIgniter))
 6 FCPATH\index.php(59): CodeIgniter\Boot::bootWeb(Object(Config\Paths))
WARNING - 2026-05-10 12:38:03 --> [DEPRECATED] Creation of dynamic property App\Controllers\Auth::$mymodel is deprecated in APPPATH\Controllers\BaseController.php on line 42.
 1 SYSTEMPATH\CodeIgniter.php(904): App\Controllers\BaseController->initController(Object(CodeIgniter\HTTP\IncomingRequest), Object(CodeIgniter\HTTP\Response), Object(CodeIgniter\Log\Logger))
 2 SYSTEMPATH\CodeIgniter.php(498): CodeIgniter\CodeIgniter->createController()
 3 SYSTEMPATH\CodeIgniter.php(354): CodeIgniter\CodeIgniter->handleRequest(null, Object(Config\Cache), false)
 4 SYSTEMPATH\Boot.php(363): CodeIgniter\CodeIgniter->run()
 5 SYSTEMPATH\Boot.php(68): CodeIgniter\Boot::runCodeIgniter(Object(CodeIgniter\CodeIgniter))
 6 FCPATH\index.php(59): CodeIgniter\Boot::bootWeb(Object(Config\Paths))
WARNING - 2026-05-10 12:38:03 --> [DEPRECATED] Creation of dynamic property App\Controllers\Auth::$session is deprecated in APPPATH\Controllers\BaseController.php on line 46.
 1 SYSTEMPATH\CodeIgniter.php(904): App\Controllers\BaseController->initController(Object(CodeIgniter\HTTP\IncomingRequest), Object(CodeIgniter\HTTP\Response), Object(CodeIgniter\Log\Logger))
 2 SYSTEMPATH\CodeIgniter.php(498): CodeIgniter\CodeIgniter->createController()
 3 SYSTEMPATH\CodeIgniter.php(354): CodeIgniter\CodeIgniter->handleRequest(null, Object(Config\Cache), false)
 4 SYSTEMPATH\Boot.php(363): CodeIgniter\CodeIgniter->run()
 5 SYSTEMPATH\Boot.php(68): CodeIgniter\Boot::runCodeIgniter(Object(CodeIgniter\CodeIgniter))
 6 FCPATH\index.php(59): CodeIgniter\Boot::bootWeb(Object(Config\Paths))
DEBUG - 2026-05-10 12:38:05 --> Session: Class initialized using 'CodeIgniter\Session\Handlers\FileHandler' driver.
WARNING - 2026-05-10 12:38:05 --> [DEPRECATED] Creation of dynamic property App\Controllers\Auth::$db is deprecated in APPPATH\Controllers\BaseController.php on line 41.
 1 SYSTEMPATH\CodeIgniter.php(904): App\Controllers\BaseController->initController(Object(CodeIgniter\HTTP\IncomingRequest), Object(CodeIgniter\HTTP\Response), Object(CodeIgniter\Log\Logger))
 2 SYSTEMPATH\CodeIgniter.php(498): CodeIgniter\CodeIgniter->createController()
 3 SYSTEMPATH\CodeIgniter.php(354): CodeIgniter\CodeIgniter->handleRequest(null, Object(Config\Cache), false)
 4 SYSTEMPATH\Boot.php(363): CodeIgniter\CodeIgniter->run()
 5 SYSTEMPATH\Boot.php(68): CodeIgniter\Boot::runCodeIgniter(Object(CodeIgniter\CodeIgniter))
 6 FCPATH\index.php(59): CodeIgniter\Boot::bootWeb(Object(Config\Paths))
WARNING - 2026-05-10 12:38:05 --> [DEPRECATED] Creation of dynamic property App\Controllers\Auth::$mymodel is deprecated in APPPATH\Controllers\BaseController.php on line 42.
 1 SYSTEMPATH\CodeIgniter.php(904): App\Controllers\BaseController->initController(Object(CodeIgniter\HTTP\IncomingRequest), Object(CodeIgniter\HTTP\Response), Object(CodeIgniter\Log\Logger))
 2 SYSTEMPATH\CodeIgniter.php(498): CodeIgniter\CodeIgniter->createController()
 3 SYSTEMPATH\CodeIgniter.php(354): CodeIgniter\CodeIgniter->handleRequest(null, Object(Config\Cache), false)
 4 SYSTEMPATH\Boot.php(363): CodeIgniter\CodeIgniter->run()
 5 SYSTEMPATH\Boot.php(68): CodeIgniter\Boot::runCodeIgniter(Object(CodeIgniter\CodeIgniter))
 6 FCPATH\index.php(59): CodeIgniter\Boot::bootWeb(Object(Config\Paths))
WARNING - 2026-05-10 12:38:05 --> [DEPRECATED] Creation of dynamic property App\Controllers\Auth::$session is deprecated in APPPATH\Controllers\BaseController.php on line 46.
 1 SYSTEMPATH\CodeIgniter.php(904): App\Controllers\BaseController->initController(Object(CodeIgniter\HTTP\IncomingRequest), Object(CodeIgniter\HTTP\Response), Object(CodeIgniter\Log\Logger))
 2 SYSTEMPATH\CodeIgniter.php(498): CodeIgniter\CodeIgniter->createController()
 3 SYSTEMPATH\CodeIgniter.php(354): CodeIgniter\CodeIgniter->handleRequest(null, Object(Config\Cache), false)
 4 SYSTEMPATH\Boot.php(363): CodeIgniter\CodeIgniter->run()
 5 SYSTEMPATH\Boot.php(68): CodeIgniter\Boot::runCodeIgniter(Object(CodeIgniter\CodeIgniter))
 6 FCPATH\index.php(59): CodeIgniter\Boot::bootWeb(Object(Config\Paths))
DEBUG - 2026-05-10 12:38:26 --> Session: Class initialized using 'CodeIgniter\Session\Handlers\FileHandler' driver.
WARNING - 2026-05-10 12:38:26 --> [DEPRECATED] Creation of dynamic property App\Controllers\Auth::$db is deprecated in APPPATH\Controllers\BaseController.php on line 41.
 1 SYSTEMPATH\CodeIgniter.php(904): App\Controllers\BaseController->initController(Object(CodeIgniter\HTTP\IncomingRequest), Object(CodeIgniter\HTTP\Response), Object(CodeIgniter\Log\Logger))
 2 SYSTEMPATH\CodeIgniter.php(498): CodeIgniter\CodeIgniter->createController()
 3 SYSTEMPATH\CodeIgniter.php(354): CodeIgniter\CodeIgniter->handleRequest(null, Object(Config\Cache), false)
 4 SYSTEMPATH\Boot.php(363): CodeIgniter\CodeIgniter->run()
 5 SYSTEMPATH\Boot.php(68): CodeIgniter\Boot::runCodeIgniter(Object(CodeIgniter\CodeIgniter))
 6 FCPATH\index.php(59): CodeIgniter\Boot::bootWeb(Object(Config\Paths))
WARNING - 2026-05-10 12:38:26 --> [DEPRECATED] Creation of dynamic property App\Controllers\Auth::$mymodel is deprecated in APPPATH\Controllers\BaseController.php on line 42.
 1 SYSTEMPATH\CodeIgniter.php(904): App\Controllers\BaseController->initController(Object(CodeIgniter\HTTP\IncomingRequest), Object(CodeIgniter\HTTP\Response), Object(CodeIgniter\Log\Logger))
 2 SYSTEMPATH\CodeIgniter.php(498): CodeIgniter\CodeIgniter->createController()
 3 SYSTEMPATH\CodeIgniter.php(354): CodeIgniter\CodeIgniter->handleRequest(null, Object(Config\Cache), false)
 4 SYSTEMPATH\Boot.php(363): CodeIgniter\CodeIgniter->run()
 5 SYSTEMPATH\Boot.php(68): CodeIgniter\Boot::runCodeIgniter(Object(CodeIgniter\CodeIgniter))
 6 FCPATH\index.php(59): CodeIgniter\Boot::bootWeb(Object(Config\Paths))
WARNING - 2026-05-10 12:38:26 --> [DEPRECATED] Creation of dynamic property App\Controllers\Auth::$session is deprecated in APPPATH\Controllers\BaseController.php on line 46.
 1 SYSTEMPATH\CodeIgniter.php(904): App\Controllers\BaseController->initController(Object(CodeIgniter\HTTP\IncomingRequest), Object(CodeIgniter\HTTP\Response), Object(CodeIgniter\Log\Logger))
 2 SYSTEMPATH\CodeIgniter.php(498): CodeIgniter\CodeIgniter->createController()
 3 SYSTEMPATH\CodeIgniter.php(354): CodeIgniter\CodeIgniter->handleRequest(null, Object(Config\Cache), false)
 4 SYSTEMPATH\Boot.php(363): CodeIgniter\CodeIgniter->run()
 5 SYSTEMPATH\Boot.php(68): CodeIgniter\Boot::runCodeIgniter(Object(CodeIgniter\CodeIgniter))
 6 FCPATH\index.php(59): CodeIgniter\Boot::bootWeb(Object(Config\Paths))
ERROR - 2026-05-10 12:38:27 --> Error connecting to the database: mysqli_sql_exception: Access denied for user 'root'@'localhost' (using password: NO) in C:\xampp\htdocs\lead\system\Database\MySQLi\Connection.php:201
Stack trace:
#0 C:\xampp\htdocs\lead\system\Database\MySQLi\Connection.php(201): mysqli->real_connect('localhost', 'root', Object(SensitiveParameterValue), 'lead', 3306, '', 0)
#1 C:\xampp\htdocs\lead\system\Database\BaseConnection.php(419): CodeIgniter\Database\MySQLi\Connection->connect(false)
#2 C:\xampp\htdocs\lead\system\Database\BaseConnection.php(614): CodeIgniter\Database\BaseConnection->initialize()
#3 C:\xampp\htdocs\lead\system\Database\BaseBuilder.php(1649): CodeIgniter\Database\BaseConnection->query('SELECT *\nFROM `...', Array, false)
#4 C:\xampp\htdocs\lead\app\Models\Mymodel.php(23): CodeIgniter\Database\BaseBuilder->get()
#5 C:\xampp\htdocs\lead\app\Controllers\Auth.php(27): App\Models\Mymodel->select_one('*', 'users', '(email_address=...')
#6 C:\xampp\htdocs\lead\system\CodeIgniter.php(933): App\Controllers\Auth->login_auth()
#7 C:\xampp\htdocs\lead\system\CodeIgniter.php(507): CodeIgniter\CodeIgniter->runController(Object(App\Controllers\Auth))
#8 C:\xampp\htdocs\lead\system\CodeIgniter.php(354): CodeIgniter\CodeIgniter->handleRequest(NULL, Object(Config\Cache), false)
#9 C:\xampp\htdocs\lead\system\Boot.php(363): CodeIgniter\CodeIgniter->run()
#10 C:\xampp\htdocs\lead\system\Boot.php(68): CodeIgniter\Boot::runCodeIgniter(Object(CodeIgniter\CodeIgniter))
#11 C:\xampp\htdocs\lead\index.php(59): CodeIgniter\Boot::bootWeb(Object(Config\Paths))
#12 {main}

Next CodeIgniter\Database\Exceptions\DatabaseException: Access denied for user '****'@'localhost' (using password: NO) in C:\xampp\htdocs\lead\system\Database\MySQLi\Connection.php:246
Stack trace:
#0 C:\xampp\htdocs\lead\system\Database\BaseConnection.php(419): CodeIgniter\Database\MySQLi\Connection->connect(false)
#1 C:\xampp\htdocs\lead\system\Database\BaseConnection.php(614): CodeIgniter\Database\BaseConnection->initialize()
#2 C:\xampp\htdocs\lead\system\Database\BaseBuilder.php(1649): CodeIgniter\Database\BaseConnection->query('SELECT *\nFROM `...', Array, false)
#3 C:\xampp\htdocs\lead\app\Models\Mymodel.php(23): CodeIgniter\Database\BaseBuilder->get()
#4 C:\xampp\htdocs\lead\app\Controllers\Auth.php(27): App\Models\Mymodel->select_one('*', 'users', '(email_address=...')
#5 C:\xampp\htdocs\lead\system\CodeIgniter.php(933): App\Controllers\Auth->login_auth()
#6 C:\xampp\htdocs\lead\system\CodeIgniter.php(507): CodeIgniter\CodeIgniter->runController(Object(App\Controllers\Auth))
#7 C:\xampp\htdocs\lead\system\CodeIgniter.php(354): CodeIgniter\CodeIgniter->handleRequest(NULL, Object(Config\Cache), false)
#8 C:\xampp\htdocs\lead\system\Boot.php(363): CodeIgniter\CodeIgniter->run()
#9 C:\xampp\htdocs\lead\system\Boot.php(68): CodeIgniter\Boot::runCodeIgniter(Object(CodeIgniter\CodeIgniter))
#10 C:\xampp\htdocs\lead\index.php(59): CodeIgniter\Boot::bootWeb(Object(Config\Paths))
#11 {main}
CRITICAL - 2026-05-10 12:38:27 --> CodeIgniter\Database\Exceptions\DatabaseException: Unable to connect to the database.
Main connection [MySQLi]: Access denied for user '****'@'localhost' (using password: NO)
[Method: POST, Route: auth-user]
in SYSTEMPATH\Database\BaseConnection.php on line 465.
 1 SYSTEMPATH\Database\BaseConnection.php(614): CodeIgniter\Database\BaseConnection->initialize()
 2 SYSTEMPATH\Database\BaseBuilder.php(1649): CodeIgniter\Database\BaseConnection->query('SELECT *
FROM `lds_users`
WHERE (`email_address` = \'anish@gmail.com\' OR `phone` = \'anish@gmail.com\') and `status` = 1', [], false)
 3 APPPATH\Models\Mymodel.php(23): CodeIgniter\Database\BaseBuilder->get()
 4 APPPATH\Controllers\Auth.php(27): App\Models\Mymodel->select_one('*', 'users', '(email_address=\'anish@gmail.com\' OR phone=\'anish@gmail.com\') and status=1')
 5 SYSTEMPATH\CodeIgniter.php(933): App\Controllers\Auth->login_auth()
 6 SYSTEMPATH\CodeIgniter.php(507): CodeIgniter\CodeIgniter->runController(Object(App\Controllers\Auth))
 7 SYSTEMPATH\CodeIgniter.php(354): CodeIgniter\CodeIgniter->handleRequest(null, Object(Config\Cache), false)
 8 SYSTEMPATH\Boot.php(363): CodeIgniter\CodeIgniter->run()
 9 SYSTEMPATH\Boot.php(68): CodeIgniter\Boot::runCodeIgniter(Object(CodeIgniter\CodeIgniter))
10 FCPATH\index.php(59): CodeIgniter\Boot::bootWeb(Object(Config\Paths))
DEBUG - 2026-05-10 12:38:30 --> Session: Class initialized using 'CodeIgniter\Session\Handlers\FileHandler' driver.
WARNING - 2026-05-10 12:38:30 --> [DEPRECATED] Creation of dynamic property App\Controllers\Auth::$db is deprecated in APPPATH\Controllers\BaseController.php on line 41.
 1 SYSTEMPATH\CodeIgniter.php(904): App\Controllers\BaseController->initController(Object(CodeIgniter\HTTP\IncomingRequest), Object(CodeIgniter\HTTP\Response), Object(CodeIgniter\Log\Logger))
 2 SYSTEMPATH\CodeIgniter.php(498): CodeIgniter\CodeIgniter->createController()
 3 SYSTEMPATH\CodeIgniter.php(354): CodeIgniter\CodeIgniter->handleRequest(null, Object(Config\Cache), false)
 4 SYSTEMPATH\Boot.php(363): CodeIgniter\CodeIgniter->run()
 5 SYSTEMPATH\Boot.php(68): CodeIgniter\Boot::runCodeIgniter(Object(CodeIgniter\CodeIgniter))
 6 FCPATH\index.php(59): CodeIgniter\Boot::bootWeb(Object(Config\Paths))
WARNING - 2026-05-10 12:38:30 --> [DEPRECATED] Creation of dynamic property App\Controllers\Auth::$mymodel is deprecated in APPPATH\Controllers\BaseController.php on line 42.
 1 SYSTEMPATH\CodeIgniter.php(904): App\Controllers\BaseController->initController(Object(CodeIgniter\HTTP\IncomingRequest), Object(CodeIgniter\HTTP\Response), Object(CodeIgniter\Log\Logger))
 2 SYSTEMPATH\CodeIgniter.php(498): CodeIgniter\CodeIgniter->createController()
 3 SYSTEMPATH\CodeIgniter.php(354): CodeIgniter\CodeIgniter->handleRequest(null, Object(Config\Cache), false)
 4 SYSTEMPATH\Boot.php(363): CodeIgniter\CodeIgniter->run()
 5 SYSTEMPATH\Boot.php(68): CodeIgniter\Boot::runCodeIgniter(Object(CodeIgniter\CodeIgniter))
 6 FCPATH\index.php(59): CodeIgniter\Boot::bootWeb(Object(Config\Paths))
WARNING - 2026-05-10 12:38:30 --> [DEPRECATED] Creation of dynamic property App\Controllers\Auth::$session is deprecated in APPPATH\Controllers\BaseController.php on line 46.
 1 SYSTEMPATH\CodeIgniter.php(904): App\Controllers\BaseController->initController(Object(CodeIgniter\HTTP\IncomingRequest), Object(CodeIgniter\HTTP\Response), Object(CodeIgniter\Log\Logger))
 2 SYSTEMPATH\CodeIgniter.php(498): CodeIgniter\CodeIgniter->createController()
 3 SYSTEMPATH\CodeIgniter.php(354): CodeIgniter\CodeIgniter->handleRequest(null, Object(Config\Cache), false)
 4 SYSTEMPATH\Boot.php(363): CodeIgniter\CodeIgniter->run()
 5 SYSTEMPATH\Boot.php(68): CodeIgniter\Boot::runCodeIgniter(Object(CodeIgniter\CodeIgniter))
 6 FCPATH\index.php(59): CodeIgniter\Boot::bootWeb(Object(Config\Paths))
ERROR - 2026-05-10 12:38:30 --> Error connecting to the database: mysqli_sql_exception: Access denied for user 'root'@'localhost' (using password: NO) in C:\xampp\htdocs\lead\system\Database\MySQLi\Connection.php:201
Stack trace:
#0 C:\xampp\htdocs\lead\system\Database\MySQLi\Connection.php(201): mysqli->real_connect('localhost', 'root', Object(SensitiveParameterValue), 'lead', 3306, '', 0)
#1 C:\xampp\htdocs\lead\system\Database\BaseConnection.php(419): CodeIgniter\Database\MySQLi\Connection->connect(false)
#2 C:\xampp\htdocs\lead\system\Database\BaseConnection.php(614): CodeIgniter\Database\BaseConnection->initialize()
#3 C:\xampp\htdocs\lead\system\Database\BaseBuilder.php(1649): CodeIgniter\Database\BaseConnection->query('SELECT *\nFROM `...', Array, false)
#4 C:\xampp\htdocs\lead\app\Models\Mymodel.php(23): CodeIgniter\Database\BaseBuilder->get()
#5 C:\xampp\htdocs\lead\app\Controllers\Auth.php(27): App\Models\Mymodel->select_one('*', 'users', '(email_address=...')
#6 C:\xampp\htdocs\lead\system\CodeIgniter.php(933): App\Controllers\Auth->login_auth()
#7 C:\xampp\htdocs\lead\system\CodeIgniter.php(507): CodeIgniter\CodeIgniter->runController(Object(App\Controllers\Auth))
#8 C:\xampp\htdocs\lead\system\CodeIgniter.php(354): CodeIgniter\CodeIgniter->handleRequest(NULL, Object(Config\Cache), false)
#9 C:\xampp\htdocs\lead\system\Boot.php(363): CodeIgniter\CodeIgniter->run()
#10 C:\xampp\htdocs\lead\system\Boot.php(68): CodeIgniter\Boot::runCodeIgniter(Object(CodeIgniter\CodeIgniter))
#11 C:\xampp\htdocs\lead\index.php(59): CodeIgniter\Boot::bootWeb(Object(Config\Paths))
#12 {main}

Next CodeIgniter\Database\Exceptions\DatabaseException: Access denied for user '****'@'localhost' (using password: NO) in C:\xampp\htdocs\lead\system\Database\MySQLi\Connection.php:246
Stack trace:
#0 C:\xampp\htdocs\lead\system\Database\BaseConnection.php(419): CodeIgniter\Database\MySQLi\Connection->connect(false)
#1 C:\xampp\htdocs\lead\system\Database\BaseConnection.php(614): CodeIgniter\Database\BaseConnection->initialize()
#2 C:\xampp\htdocs\lead\system\Database\BaseBuilder.php(1649): CodeIgniter\Database\BaseConnection->query('SELECT *\nFROM `...', Array, false)
#3 C:\xampp\htdocs\lead\app\Models\Mymodel.php(23): CodeIgniter\Database\BaseBuilder->get()
#4 C:\xampp\htdocs\lead\app\Controllers\Auth.php(27): App\Models\Mymodel->select_one('*', 'users', '(email_address=...')
#5 C:\xampp\htdocs\lead\system\CodeIgniter.php(933): App\Controllers\Auth->login_auth()
#6 C:\xampp\htdocs\lead\system\CodeIgniter.php(507): CodeIgniter\CodeIgniter->runController(Object(App\Controllers\Auth))
#7 C:\xampp\htdocs\lead\system\CodeIgniter.php(354): CodeIgniter\CodeIgniter->handleRequest(NULL, Object(Config\Cache), false)
#8 C:\xampp\htdocs\lead\system\Boot.php(363): CodeIgniter\CodeIgniter->run()
#9 C:\xampp\htdocs\lead\system\Boot.php(68): CodeIgniter\Boot::runCodeIgniter(Object(CodeIgniter\CodeIgniter))
#10 C:\xampp\htdocs\lead\index.php(59): CodeIgniter\Boot::bootWeb(Object(Config\Paths))
#11 {main}
CRITICAL - 2026-05-10 12:38:30 --> CodeIgniter\Database\Exceptions\DatabaseException: Unable to connect to the database.
Main connection [MySQLi]: Access denied for user '****'@'localhost' (using password: NO)
[Method: POST, Route: auth-user]
in SYSTEMPATH\Database\BaseConnection.php on line 465.
 1 SYSTEMPATH\Database\BaseConnection.php(614): CodeIgniter\Database\BaseConnection->initialize()
 2 SYSTEMPATH\Database\BaseBuilder.php(1649): CodeIgniter\Database\BaseConnection->query('SELECT *
FROM `lds_users`
WHERE (`email_address` = \'anish@gmail.com\' OR `phone` = \'anish@gmail.com\') and `status` = 1', [], false)
 3 APPPATH\Models\Mymodel.php(23): CodeIgniter\Database\BaseBuilder->get()
 4 APPPATH\Controllers\Auth.php(27): App\Models\Mymodel->select_one('*', 'users', '(email_address=\'anish@gmail.com\' OR phone=\'anish@gmail.com\') and status=1')
 5 SYSTEMPATH\CodeIgniter.php(933): App\Controllers\Auth->login_auth()
 6 SYSTEMPATH\CodeIgniter.php(507): CodeIgniter\CodeIgniter->runController(Object(App\Controllers\Auth))
 7 SYSTEMPATH\CodeIgniter.php(354): CodeIgniter\CodeIgniter->handleRequest(null, Object(Config\Cache), false)
 8 SYSTEMPATH\Boot.php(363): CodeIgniter\CodeIgniter->run()
 9 SYSTEMPATH\Boot.php(68): CodeIgniter\Boot::runCodeIgniter(Object(CodeIgniter\CodeIgniter))
10 FCPATH\index.php(59): CodeIgniter\Boot::bootWeb(Object(Config\Paths))
DEBUG - 2026-05-10 12:38:45 --> Session: Class initialized using 'CodeIgniter\Session\Handlers\FileHandler' driver.
WARNING - 2026-05-10 12:38:45 --> [DEPRECATED] Creation of dynamic property App\Controllers\Auth::$db is deprecated in APPPATH\Controllers\BaseController.php on line 41.
 1 SYSTEMPATH\CodeIgniter.php(904): App\Controllers\BaseController->initController(Object(CodeIgniter\HTTP\IncomingRequest), Object(CodeIgniter\HTTP\Response), Object(CodeIgniter\Log\Logger))
 2 SYSTEMPATH\CodeIgniter.php(498): CodeIgniter\CodeIgniter->createController()
 3 SYSTEMPATH\CodeIgniter.php(354): CodeIgniter\CodeIgniter->handleRequest(null, Object(Config\Cache), false)
 4 SYSTEMPATH\Boot.php(363): CodeIgniter\CodeIgniter->run()
 5 SYSTEMPATH\Boot.php(68): CodeIgniter\Boot::runCodeIgniter(Object(CodeIgniter\CodeIgniter))
 6 FCPATH\index.php(59): CodeIgniter\Boot::bootWeb(Object(Config\Paths))
WARNING - 2026-05-10 12:38:45 --> [DEPRECATED] Creation of dynamic property App\Controllers\Auth::$mymodel is deprecated in APPPATH\Controllers\BaseController.php on line 42.
 1 SYSTEMPATH\CodeIgniter.php(904): App\Controllers\BaseController->initController(Object(CodeIgniter\HTTP\IncomingRequest), Object(CodeIgniter\HTTP\Response), Object(CodeIgniter\Log\Logger))
 2 SYSTEMPATH\CodeIgniter.php(498): CodeIgniter\CodeIgniter->createController()
 3 SYSTEMPATH\CodeIgniter.php(354): CodeIgniter\CodeIgniter->handleRequest(null, Object(Config\Cache), false)
 4 SYSTEMPATH\Boot.php(363): CodeIgniter\CodeIgniter->run()
 5 SYSTEMPATH\Boot.php(68): CodeIgniter\Boot::runCodeIgniter(Object(CodeIgniter\CodeIgniter))
 6 FCPATH\index.php(59): CodeIgniter\Boot::bootWeb(Object(Config\Paths))
WARNING - 2026-05-10 12:38:45 --> [DEPRECATED] Creation of dynamic property App\Controllers\Auth::$session is deprecated in APPPATH\Controllers\BaseController.php on line 46.
 1 SYSTEMPATH\CodeIgniter.php(904): App\Controllers\BaseController->initController(Object(CodeIgniter\HTTP\IncomingRequest), Object(CodeIgniter\HTTP\Response), Object(CodeIgniter\Log\Logger))
 2 SYSTEMPATH\CodeIgniter.php(498): CodeIgniter\CodeIgniter->createController()
 3 SYSTEMPATH\CodeIgniter.php(354): CodeIgniter\CodeIgniter->handleRequest(null, Object(Config\Cache), false)
 4 SYSTEMPATH\Boot.php(363): CodeIgniter\CodeIgniter->run()
 5 SYSTEMPATH\Boot.php(68): CodeIgniter\Boot::runCodeIgniter(Object(CodeIgniter\CodeIgniter))
 6 FCPATH\index.php(59): CodeIgniter\Boot::bootWeb(Object(Config\Paths))
DEBUG - 2026-05-10 12:38:58 --> Session: Class initialized using 'CodeIgniter\Session\Handlers\FileHandler' driver.
WARNING - 2026-05-10 12:38:58 --> [DEPRECATED] Creation of dynamic property App\Controllers\Auth::$db is deprecated in APPPATH\Controllers\BaseController.php on line 41.
 1 SYSTEMPATH\CodeIgniter.php(904): App\Controllers\BaseController->initController(Object(CodeIgniter\HTTP\IncomingRequest), Object(CodeIgniter\HTTP\Response), Object(CodeIgniter\Log\Logger))
 2 SYSTEMPATH\CodeIgniter.php(498): CodeIgniter\CodeIgniter->createController()
 3 SYSTEMPATH\CodeIgniter.php(354): CodeIgniter\CodeIgniter->handleRequest(null, Object(Config\Cache), false)
 4 SYSTEMPATH\Boot.php(363): CodeIgniter\CodeIgniter->run()
 5 SYSTEMPATH\Boot.php(68): CodeIgniter\Boot::runCodeIgniter(Object(CodeIgniter\CodeIgniter))
 6 FCPATH\index.php(59): CodeIgniter\Boot::bootWeb(Object(Config\Paths))
WARNING - 2026-05-10 12:38:58 --> [DEPRECATED] Creation of dynamic property App\Controllers\Auth::$mymodel is deprecated in APPPATH\Controllers\BaseController.php on line 42.
 1 SYSTEMPATH\CodeIgniter.php(904): App\Controllers\BaseController->initController(Object(CodeIgniter\HTTP\IncomingRequest), Object(CodeIgniter\HTTP\Response), Object(CodeIgniter\Log\Logger))
 2 SYSTEMPATH\CodeIgniter.php(498): CodeIgniter\CodeIgniter->createController()
 3 SYSTEMPATH\CodeIgniter.php(354): CodeIgniter\CodeIgniter->handleRequest(null, Object(Config\Cache), false)
 4 SYSTEMPATH\Boot.php(363): CodeIgniter\CodeIgniter->run()
 5 SYSTEMPATH\Boot.php(68): CodeIgniter\Boot::runCodeIgniter(Object(CodeIgniter\CodeIgniter))
 6 FCPATH\index.php(59): CodeIgniter\Boot::bootWeb(Object(Config\Paths))
WARNING - 2026-05-10 12:38:58 --> [DEPRECATED] Creation of dynamic property App\Controllers\Auth::$session is deprecated in APPPATH\Controllers\BaseController.php on line 46.
 1 SYSTEMPATH\CodeIgniter.php(904): App\Controllers\BaseController->initController(Object(CodeIgniter\HTTP\IncomingRequest), Object(CodeIgniter\HTTP\Response), Object(CodeIgniter\Log\Logger))
 2 SYSTEMPATH\CodeIgniter.php(498): CodeIgniter\CodeIgniter->createController()
 3 SYSTEMPATH\CodeIgniter.php(354): CodeIgniter\CodeIgniter->handleRequest(null, Object(Config\Cache), false)
 4 SYSTEMPATH\Boot.php(363): CodeIgniter\CodeIgniter->run()
 5 SYSTEMPATH\Boot.php(68): CodeIgniter\Boot::runCodeIgniter(Object(CodeIgniter\CodeIgniter))
 6 FCPATH\index.php(59): CodeIgniter\Boot::bootWeb(Object(Config\Paths))
ERROR - 2026-05-10 12:38:58 --> Error connecting to the database: mysqli_sql_exception: Access denied for user 'root'@'localhost' (using password: NO) in C:\xampp\htdocs\lead\system\Database\MySQLi\Connection.php:201
Stack trace:
#0 C:\xampp\htdocs\lead\system\Database\MySQLi\Connection.php(201): mysqli->real_connect('localhost', 'root', Object(SensitiveParameterValue), 'lead', 3306, '', 0)
#1 C:\xampp\htdocs\lead\system\Database\BaseConnection.php(419): CodeIgniter\Database\MySQLi\Connection->connect(false)
#2 C:\xampp\htdocs\lead\system\Database\BaseConnection.php(614): CodeIgniter\Database\BaseConnection->initialize()
#3 C:\xampp\htdocs\lead\system\Database\BaseBuilder.php(1649): CodeIgniter\Database\BaseConnection->query('SELECT 1\nFROM `...', Array, false)
#4 C:\xampp\htdocs\lead\system\Validation\Rules.php(175): CodeIgniter\Database\BaseBuilder->get()
#5 C:\xampp\htdocs\lead\system\Validation\StrictRules\Rules.php(187): CodeIgniter\Validation\Rules->is_unique('anishkumar96084...', 'register.email_...', Array)
#6 C:\xampp\htdocs\lead\system\Validation\Validation.php(336): CodeIgniter\Validation\StrictRules\Rules->is_unique('anishkumar96084...', 'register.email_...', Array, NULL, 'email')
#7 C:\xampp\htdocs\lead\system\Validation\Validation.php(201): CodeIgniter\Validation\Validation->processRules('email', 'Email', 'anishkumar96084...', Array, Array, 'email')
#8 C:\xampp\htdocs\lead\app\Controllers\Auth.php(80): CodeIgniter\Validation\Validation->run(Array)
#9 C:\xampp\htdocs\lead\system\CodeIgniter.php(933): App\Controllers\Auth->save_register()
#10 C:\xampp\htdocs\lead\system\CodeIgniter.php(507): CodeIgniter\CodeIgniter->runController(Object(App\Controllers\Auth))
#11 C:\xampp\htdocs\lead\system\CodeIgniter.php(354): CodeIgniter\CodeIgniter->handleRequest(NULL, Object(Config\Cache), false)
#12 C:\xampp\htdocs\lead\system\Boot.php(363): CodeIgniter\CodeIgniter->run()
#13 C:\xampp\htdocs\lead\system\Boot.php(68): CodeIgniter\Boot::runCodeIgniter(Object(CodeIgniter\CodeIgniter))
#14 C:\xampp\htdocs\lead\index.php(59): CodeIgniter\Boot::bootWeb(Object(Config\Paths))
#15 {main}

Next CodeIgniter\Database\Exceptions\DatabaseException: Access denied for user '****'@'localhost' (using password: NO) in C:\xampp\htdocs\lead\system\Database\MySQLi\Connection.php:246
Stack trace:
#0 C:\xampp\htdocs\lead\system\Database\BaseConnection.php(419): CodeIgniter\Database\MySQLi\Connection->connect(false)
#1 C:\xampp\htdocs\lead\system\Database\BaseConnection.php(614): CodeIgniter\Database\BaseConnection->initialize()
#2 C:\xampp\htdocs\lead\system\Database\BaseBuilder.php(1649): CodeIgniter\Database\BaseConnection->query('SELECT 1\nFROM `...', Array, false)
#3 C:\xampp\htdocs\lead\system\Validation\Rules.php(175): CodeIgniter\Database\BaseBuilder->get()
#4 C:\xampp\htdocs\lead\system\Validation\StrictRules\Rules.php(187): CodeIgniter\Validation\Rules->is_unique('anishkumar96084...', 'register.email_...', Array)
#5 C:\xampp\htdocs\lead\system\Validation\Validation.php(336): CodeIgniter\Validation\StrictRules\Rules->is_unique('anishkumar96084...', 'register.email_...', Array, NULL, 'email')
#6 C:\xampp\htdocs\lead\system\Validation\Validation.php(201): CodeIgniter\Validation\Validation->processRules('email', 'Email', 'anishkumar96084...', Array, Array, 'email')
#7 C:\xampp\htdocs\lead\app\Controllers\Auth.php(80): CodeIgniter\Validation\Validation->run(Array)
#8 C:\xampp\htdocs\lead\system\CodeIgniter.php(933): App\Controllers\Auth->save_register()
#9 C:\xampp\htdocs\lead\system\CodeIgniter.php(507): CodeIgniter\CodeIgniter->runController(Object(App\Controllers\Auth))
#10 C:\xampp\htdocs\lead\system\CodeIgniter.php(354): CodeIgniter\CodeIgniter->handleRequest(NULL, Object(Config\Cache), false)
#11 C:\xampp\htdocs\lead\system\Boot.php(363): CodeIgniter\CodeIgniter->run()
#12 C:\xampp\htdocs\lead\system\Boot.php(68): CodeIgniter\Boot::runCodeIgniter(Object(CodeIgniter\CodeIgniter))
#13 C:\xampp\htdocs\lead\index.php(59): CodeIgniter\Boot::bootWeb(Object(Config\Paths))
#14 {main}
CRITICAL - 2026-05-10 12:38:58 --> CodeIgniter\Database\Exceptions\DatabaseException: Unable to connect to the database.
Main connection [MySQLi]: Access denied for user '****'@'localhost' (using password: NO)
[Method: POST, Route: register]
in SYSTEMPATH\Database\BaseConnection.php on line 465.
 1 SYSTEMPATH\Database\BaseConnection.php(614): CodeIgniter\Database\BaseConnection->initialize()
 2 SYSTEMPATH\Database\BaseBuilder.php(1649): CodeIgniter\Database\BaseConnection->query('SELECT 1
FROM `lds_register`
WHERE `email_address` = :email_address:
 LIMIT 1', [...], false)
 3 SYSTEMPATH\Validation\Rules.php(175): CodeIgniter\Database\BaseBuilder->get()
 4 SYSTEMPATH\Validation\StrictRules\Rules.php(187): CodeIgniter\Validation\Rules->is_unique('anishkumar96084@gmail.com', 'register.email_address', [...])
 5 SYSTEMPATH\Validation\Validation.php(336): CodeIgniter\Validation\StrictRules\Rules->is_unique('anishkumar96084@gmail.com', 'register.email_address', [...], null, 'email')
 6 SYSTEMPATH\Validation\Validation.php(201): CodeIgniter\Validation\Validation->processRules('email', 'Email', 'anishkumar96084@gmail.com', [...], [...], 'email')
 7 APPPATH\Controllers\Auth.php(80): CodeIgniter\Validation\Validation->run([...])
 8 SYSTEMPATH\CodeIgniter.php(933): App\Controllers\Auth->save_register()
 9 SYSTEMPATH\CodeIgniter.php(507): CodeIgniter\CodeIgniter->runController(Object(App\Controllers\Auth))
10 SYSTEMPATH\CodeIgniter.php(354): CodeIgniter\CodeIgniter->handleRequest(null, Object(Config\Cache), false)
11 SYSTEMPATH\Boot.php(363): CodeIgniter\CodeIgniter->run()
12 SYSTEMPATH\Boot.php(68): CodeIgniter\Boot::runCodeIgniter(Object(CodeIgniter\CodeIgniter))
13 FCPATH\index.php(59): CodeIgniter\Boot::bootWeb(Object(Config\Paths))
DEBUG - 2026-05-10 12:39:02 --> Session: Class initialized using 'CodeIgniter\Session\Handlers\FileHandler' driver.
WARNING - 2026-05-10 12:39:02 --> [DEPRECATED] Creation of dynamic property App\Controllers\Auth::$db is deprecated in APPPATH\Controllers\BaseController.php on line 41.
 1 SYSTEMPATH\CodeIgniter.php(904): App\Controllers\BaseController->initController(Object(CodeIgniter\HTTP\IncomingRequest), Object(CodeIgniter\HTTP\Response), Object(CodeIgniter\Log\Logger))
 2 SYSTEMPATH\CodeIgniter.php(498): CodeIgniter\CodeIgniter->createController()
 3 SYSTEMPATH\CodeIgniter.php(354): CodeIgniter\CodeIgniter->handleRequest(null, Object(Config\Cache), false)
 4 SYSTEMPATH\Boot.php(363): CodeIgniter\CodeIgniter->run()
 5 SYSTEMPATH\Boot.php(68): CodeIgniter\Boot::runCodeIgniter(Object(CodeIgniter\CodeIgniter))
 6 FCPATH\index.php(59): CodeIgniter\Boot::bootWeb(Object(Config\Paths))
WARNING - 2026-05-10 12:39:02 --> [DEPRECATED] Creation of dynamic property App\Controllers\Auth::$mymodel is deprecated in APPPATH\Controllers\BaseController.php on line 42.
 1 SYSTEMPATH\CodeIgniter.php(904): App\Controllers\BaseController->initController(Object(CodeIgniter\HTTP\IncomingRequest), Object(CodeIgniter\HTTP\Response), Object(CodeIgniter\Log\Logger))
 2 SYSTEMPATH\CodeIgniter.php(498): CodeIgniter\CodeIgniter->createController()
 3 SYSTEMPATH\CodeIgniter.php(354): CodeIgniter\CodeIgniter->handleRequest(null, Object(Config\Cache), false)
 4 SYSTEMPATH\Boot.php(363): CodeIgniter\CodeIgniter->run()
 5 SYSTEMPATH\Boot.php(68): CodeIgniter\Boot::runCodeIgniter(Object(CodeIgniter\CodeIgniter))
 6 FCPATH\index.php(59): CodeIgniter\Boot::bootWeb(Object(Config\Paths))
WARNING - 2026-05-10 12:39:02 --> [DEPRECATED] Creation of dynamic property App\Controllers\Auth::$session is deprecated in APPPATH\Controllers\BaseController.php on line 46.
 1 SYSTEMPATH\CodeIgniter.php(904): App\Controllers\BaseController->initController(Object(CodeIgniter\HTTP\IncomingRequest), Object(CodeIgniter\HTTP\Response), Object(CodeIgniter\Log\Logger))
 2 SYSTEMPATH\CodeIgniter.php(498): CodeIgniter\CodeIgniter->createController()
 3 SYSTEMPATH\CodeIgniter.php(354): CodeIgniter\CodeIgniter->handleRequest(null, Object(Config\Cache), false)
 4 SYSTEMPATH\Boot.php(363): CodeIgniter\CodeIgniter->run()
 5 SYSTEMPATH\Boot.php(68): CodeIgniter\Boot::runCodeIgniter(Object(CodeIgniter\CodeIgniter))
 6 FCPATH\index.php(59): CodeIgniter\Boot::bootWeb(Object(Config\Paths))
DEBUG - 2026-05-10 12:39:05 --> Session: Class initialized using 'CodeIgniter\Session\Handlers\FileHandler' driver.
WARNING - 2026-05-10 12:39:05 --> [DEPRECATED] Creation of dynamic property App\Controllers\Auth::$db is deprecated in APPPATH\Controllers\BaseController.php on line 41.
 1 SYSTEMPATH\CodeIgniter.php(904): App\Controllers\BaseController->initController(Object(CodeIgniter\HTTP\IncomingRequest), Object(CodeIgniter\HTTP\Response), Object(CodeIgniter\Log\Logger))
 2 SYSTEMPATH\CodeIgniter.php(498): CodeIgniter\CodeIgniter->createController()
 3 SYSTEMPATH\CodeIgniter.php(354): CodeIgniter\CodeIgniter->handleRequest(null, Object(Config\Cache), false)
 4 SYSTEMPATH\Boot.php(363): CodeIgniter\CodeIgniter->run()
 5 SYSTEMPATH\Boot.php(68): CodeIgniter\Boot::runCodeIgniter(Object(CodeIgniter\CodeIgniter))
 6 FCPATH\index.php(59): CodeIgniter\Boot::bootWeb(Object(Config\Paths))
WARNING - 2026-05-10 12:39:05 --> [DEPRECATED] Creation of dynamic property App\Controllers\Auth::$mymodel is deprecated in APPPATH\Controllers\BaseController.php on line 42.
 1 SYSTEMPATH\CodeIgniter.php(904): App\Controllers\BaseController->initController(Object(CodeIgniter\HTTP\IncomingRequest), Object(CodeIgniter\HTTP\Response), Object(CodeIgniter\Log\Logger))
 2 SYSTEMPATH\CodeIgniter.php(498): CodeIgniter\CodeIgniter->createController()
 3 SYSTEMPATH\CodeIgniter.php(354): CodeIgniter\CodeIgniter->handleRequest(null, Object(Config\Cache), false)
 4 SYSTEMPATH\Boot.php(363): CodeIgniter\CodeIgniter->run()
 5 SYSTEMPATH\Boot.php(68): CodeIgniter\Boot::runCodeIgniter(Object(CodeIgniter\CodeIgniter))
 6 FCPATH\index.php(59): CodeIgniter\Boot::bootWeb(Object(Config\Paths))
WARNING - 2026-05-10 12:39:05 --> [DEPRECATED] Creation of dynamic property App\Controllers\Auth::$session is deprecated in APPPATH\Controllers\BaseController.php on line 46.
 1 SYSTEMPATH\CodeIgniter.php(904): App\Controllers\BaseController->initController(Object(CodeIgniter\HTTP\IncomingRequest), Object(CodeIgniter\HTTP\Response), Object(CodeIgniter\Log\Logger))
 2 SYSTEMPATH\CodeIgniter.php(498): CodeIgniter\CodeIgniter->createController()
 3 SYSTEMPATH\CodeIgniter.php(354): CodeIgniter\CodeIgniter->handleRequest(null, Object(Config\Cache), false)
 4 SYSTEMPATH\Boot.php(363): CodeIgniter\CodeIgniter->run()
 5 SYSTEMPATH\Boot.php(68): CodeIgniter\Boot::runCodeIgniter(Object(CodeIgniter\CodeIgniter))
 6 FCPATH\index.php(59): CodeIgniter\Boot::bootWeb(Object(Config\Paths))
DEBUG - 2026-05-10 12:43:40 --> Session: Class initialized using 'CodeIgniter\Session\Handlers\FileHandler' driver.
WARNING - 2026-05-10 12:43:40 --> [DEPRECATED] Creation of dynamic property App\Controllers\Auth::$db is deprecated in APPPATH\Controllers\BaseController.php on line 41.
 1 SYSTEMPATH\CodeIgniter.php(904): App\Controllers\BaseController->initController(Object(CodeIgniter\HTTP\IncomingRequest), Object(CodeIgniter\HTTP\Response), Object(CodeIgniter\Log\Logger))
 2 SYSTEMPATH\CodeIgniter.php(498): CodeIgniter\CodeIgniter->createController()
 3 SYSTEMPATH\CodeIgniter.php(354): CodeIgniter\CodeIgniter->handleRequest(null, Object(Config\Cache), false)
 4 SYSTEMPATH\Boot.php(363): CodeIgniter\CodeIgniter->run()
 5 SYSTEMPATH\Boot.php(68): CodeIgniter\Boot::runCodeIgniter(Object(CodeIgniter\CodeIgniter))
 6 FCPATH\index.php(59): CodeIgniter\Boot::bootWeb(Object(Config\Paths))
WARNING - 2026-05-10 12:43:40 --> [DEPRECATED] Creation of dynamic property App\Controllers\Auth::$mymodel is deprecated in APPPATH\Controllers\BaseController.php on line 42.
 1 SYSTEMPATH\CodeIgniter.php(904): App\Controllers\BaseController->initController(Object(CodeIgniter\HTTP\IncomingRequest), Object(CodeIgniter\HTTP\Response), Object(CodeIgniter\Log\Logger))
 2 SYSTEMPATH\CodeIgniter.php(498): CodeIgniter\CodeIgniter->createController()
 3 SYSTEMPATH\CodeIgniter.php(354): CodeIgniter\CodeIgniter->handleRequest(null, Object(Config\Cache), false)
 4 SYSTEMPATH\Boot.php(363): CodeIgniter\CodeIgniter->run()
 5 SYSTEMPATH\Boot.php(68): CodeIgniter\Boot::runCodeIgniter(Object(CodeIgniter\CodeIgniter))
 6 FCPATH\index.php(59): CodeIgniter\Boot::bootWeb(Object(Config\Paths))
WARNING - 2026-05-10 12:43:40 --> [DEPRECATED] Creation of dynamic property App\Controllers\Auth::$session is deprecated in APPPATH\Controllers\BaseController.php on line 46.
 1 SYSTEMPATH\CodeIgniter.php(904): App\Controllers\BaseController->initController(Object(CodeIgniter\HTTP\IncomingRequest), Object(CodeIgniter\HTTP\Response), Object(CodeIgniter\Log\Logger))
 2 SYSTEMPATH\CodeIgniter.php(498): CodeIgniter\CodeIgniter->createController()
 3 SYSTEMPATH\CodeIgniter.php(354): CodeIgniter\CodeIgniter->handleRequest(null, Object(Config\Cache), false)
 4 SYSTEMPATH\Boot.php(363): CodeIgniter\CodeIgniter->run()
 5 SYSTEMPATH\Boot.php(68): CodeIgniter\Boot::runCodeIgniter(Object(CodeIgniter\CodeIgniter))
 6 FCPATH\index.php(59): CodeIgniter\Boot::bootWeb(Object(Config\Paths))
DEBUG - 2026-05-10 12:43:45 --> Session: Class initialized using 'CodeIgniter\Session\Handlers\FileHandler' driver.
WARNING - 2026-05-10 12:43:45 --> [DEPRECATED] Creation of dynamic property App\Controllers\Auth::$db is deprecated in APPPATH\Controllers\BaseController.php on line 41.
 1 SYSTEMPATH\CodeIgniter.php(904): App\Controllers\BaseController->initController(Object(CodeIgniter\HTTP\IncomingRequest), Object(CodeIgniter\HTTP\Response), Object(CodeIgniter\Log\Logger))
 2 SYSTEMPATH\CodeIgniter.php(498): CodeIgniter\CodeIgniter->createController()
 3 SYSTEMPATH\CodeIgniter.php(354): CodeIgniter\CodeIgniter->handleRequest(null, Object(Config\Cache), false)
 4 SYSTEMPATH\Boot.php(363): CodeIgniter\CodeIgniter->run()
 5 SYSTEMPATH\Boot.php(68): CodeIgniter\Boot::runCodeIgniter(Object(CodeIgniter\CodeIgniter))
 6 FCPATH\index.php(59): CodeIgniter\Boot::bootWeb(Object(Config\Paths))
WARNING - 2026-05-10 12:43:45 --> [DEPRECATED] Creation of dynamic property App\Controllers\Auth::$mymodel is deprecated in APPPATH\Controllers\BaseController.php on line 42.
 1 SYSTEMPATH\CodeIgniter.php(904): App\Controllers\BaseController->initController(Object(CodeIgniter\HTTP\IncomingRequest), Object(CodeIgniter\HTTP\Response), Object(CodeIgniter\Log\Logger))
 2 SYSTEMPATH\CodeIgniter.php(498): CodeIgniter\CodeIgniter->createController()
 3 SYSTEMPATH\CodeIgniter.php(354): CodeIgniter\CodeIgniter->handleRequest(null, Object(Config\Cache), false)
 4 SYSTEMPATH\Boot.php(363): CodeIgniter\CodeIgniter->run()
 5 SYSTEMPATH\Boot.php(68): CodeIgniter\Boot::runCodeIgniter(Object(CodeIgniter\CodeIgniter))
 6 FCPATH\index.php(59): CodeIgniter\Boot::bootWeb(Object(Config\Paths))
WARNING - 2026-05-10 12:43:45 --> [DEPRECATED] Creation of dynamic property App\Controllers\Auth::$session is deprecated in APPPATH\Controllers\BaseController.php on line 46.
 1 SYSTEMPATH\CodeIgniter.php(904): App\Controllers\BaseController->initController(Object(CodeIgniter\HTTP\IncomingRequest), Object(CodeIgniter\HTTP\Response), Object(CodeIgniter\Log\Logger))
 2 SYSTEMPATH\CodeIgniter.php(498): CodeIgniter\CodeIgniter->createController()
 3 SYSTEMPATH\CodeIgniter.php(354): CodeIgniter\CodeIgniter->handleRequest(null, Object(Config\Cache), false)
 4 SYSTEMPATH\Boot.php(363): CodeIgniter\CodeIgniter->run()
 5 SYSTEMPATH\Boot.php(68): CodeIgniter\Boot::runCodeIgniter(Object(CodeIgniter\CodeIgniter))
 6 FCPATH\index.php(59): CodeIgniter\Boot::bootWeb(Object(Config\Paths))
DEBUG - 2026-05-10 12:46:49 --> Session: Class initialized using 'CodeIgniter\Session\Handlers\FileHandler' driver.
WARNING - 2026-05-10 12:46:49 --> [DEPRECATED] Creation of dynamic property App\Controllers\Auth::$db is deprecated in APPPATH\Controllers\BaseController.php on line 41.
 1 SYSTEMPATH\CodeIgniter.php(904): App\Controllers\BaseController->initController(Object(CodeIgniter\HTTP\IncomingRequest), Object(CodeIgniter\HTTP\Response), Object(CodeIgniter\Log\Logger))
 2 SYSTEMPATH\CodeIgniter.php(498): CodeIgniter\CodeIgniter->createController()
 3 SYSTEMPATH\CodeIgniter.php(354): CodeIgniter\CodeIgniter->handleRequest(null, Object(Config\Cache), false)
 4 SYSTEMPATH\Boot.php(363): CodeIgniter\CodeIgniter->run()
 5 SYSTEMPATH\Boot.php(68): CodeIgniter\Boot::runCodeIgniter(Object(CodeIgniter\CodeIgniter))
 6 FCPATH\index.php(59): CodeIgniter\Boot::bootWeb(Object(Config\Paths))
WARNING - 2026-05-10 12:46:49 --> [DEPRECATED] Creation of dynamic property App\Controllers\Auth::$mymodel is deprecated in APPPATH\Controllers\BaseController.php on line 42.
 1 SYSTEMPATH\CodeIgniter.php(904): App\Controllers\BaseController->initController(Object(CodeIgniter\HTTP\IncomingRequest), Object(CodeIgniter\HTTP\Response), Object(CodeIgniter\Log\Logger))
 2 SYSTEMPATH\CodeIgniter.php(498): CodeIgniter\CodeIgniter->createController()
 3 SYSTEMPATH\CodeIgniter.php(354): CodeIgniter\CodeIgniter->handleRequest(null, Object(Config\Cache), false)
 4 SYSTEMPATH\Boot.php(363): CodeIgniter\CodeIgniter->run()
 5 SYSTEMPATH\Boot.php(68): CodeIgniter\Boot::runCodeIgniter(Object(CodeIgniter\CodeIgniter))
 6 FCPATH\index.php(59): CodeIgniter\Boot::bootWeb(Object(Config\Paths))
WARNING - 2026-05-10 12:46:49 --> [DEPRECATED] Creation of dynamic property App\Controllers\Auth::$session is deprecated in APPPATH\Controllers\BaseController.php on line 46.
 1 SYSTEMPATH\CodeIgniter.php(904): App\Controllers\BaseController->initController(Object(CodeIgniter\HTTP\IncomingRequest), Object(CodeIgniter\HTTP\Response), Object(CodeIgniter\Log\Logger))
 2 SYSTEMPATH\CodeIgniter.php(498): CodeIgniter\CodeIgniter->createController()
 3 SYSTEMPATH\CodeIgniter.php(354): CodeIgniter\CodeIgniter->handleRequest(null, Object(Config\Cache), false)
 4 SYSTEMPATH\Boot.php(363): CodeIgniter\CodeIgniter->run()
 5 SYSTEMPATH\Boot.php(68): CodeIgniter\Boot::runCodeIgniter(Object(CodeIgniter\CodeIgniter))
 6 FCPATH\index.php(59): CodeIgniter\Boot::bootWeb(Object(Config\Paths))
DEBUG - 2026-05-10 12:46:53 --> Session: Class initialized using 'CodeIgniter\Session\Handlers\FileHandler' driver.
WARNING - 2026-05-10 12:46:53 --> [DEPRECATED] Creation of dynamic property App\Controllers\Auth::$db is deprecated in APPPATH\Controllers\BaseController.php on line 41.
 1 SYSTEMPATH\CodeIgniter.php(904): App\Controllers\BaseController->initController(Object(CodeIgniter\HTTP\IncomingRequest), Object(CodeIgniter\HTTP\Response), Object(CodeIgniter\Log\Logger))
 2 SYSTEMPATH\CodeIgniter.php(498): CodeIgniter\CodeIgniter->createController()
 3 SYSTEMPATH\CodeIgniter.php(354): CodeIgniter\CodeIgniter->handleRequest(null, Object(Config\Cache), false)
 4 SYSTEMPATH\Boot.php(363): CodeIgniter\CodeIgniter->run()
 5 SYSTEMPATH\Boot.php(68): CodeIgniter\Boot::runCodeIgniter(Object(CodeIgniter\CodeIgniter))
 6 FCPATH\index.php(59): CodeIgniter\Boot::bootWeb(Object(Config\Paths))
WARNING - 2026-05-10 12:46:53 --> [DEPRECATED] Creation of dynamic property App\Controllers\Auth::$mymodel is deprecated in APPPATH\Controllers\BaseController.php on line 42.
 1 SYSTEMPATH\CodeIgniter.php(904): App\Controllers\BaseController->initController(Object(CodeIgniter\HTTP\IncomingRequest), Object(CodeIgniter\HTTP\Response), Object(CodeIgniter\Log\Logger))
 2 SYSTEMPATH\CodeIgniter.php(498): CodeIgniter\CodeIgniter->createController()
 3 SYSTEMPATH\CodeIgniter.php(354): CodeIgniter\CodeIgniter->handleRequest(null, Object(Config\Cache), false)
 4 SYSTEMPATH\Boot.php(363): CodeIgniter\CodeIgniter->run()
 5 SYSTEMPATH\Boot.php(68): CodeIgniter\Boot::runCodeIgniter(Object(CodeIgniter\CodeIgniter))
 6 FCPATH\index.php(59): CodeIgniter\Boot::bootWeb(Object(Config\Paths))
WARNING - 2026-05-10 12:46:53 --> [DEPRECATED] Creation of dynamic property App\Controllers\Auth::$session is deprecated in APPPATH\Controllers\BaseController.php on line 46.
 1 SYSTEMPATH\CodeIgniter.php(904): App\Controllers\BaseController->initController(Object(CodeIgniter\HTTP\IncomingRequest), Object(CodeIgniter\HTTP\Response), Object(CodeIgniter\Log\Logger))
 2 SYSTEMPATH\CodeIgniter.php(498): CodeIgniter\CodeIgniter->createController()
 3 SYSTEMPATH\CodeIgniter.php(354): CodeIgniter\CodeIgniter->handleRequest(null, Object(Config\Cache), false)
 4 SYSTEMPATH\Boot.php(363): CodeIgniter\CodeIgniter->run()
 5 SYSTEMPATH\Boot.php(68): CodeIgniter\Boot::runCodeIgniter(Object(CodeIgniter\CodeIgniter))
 6 FCPATH\index.php(59): CodeIgniter\Boot::bootWeb(Object(Config\Paths))
DEBUG - 2026-05-10 12:47:29 --> Session: Class initialized using 'CodeIgniter\Session\Handlers\FileHandler' driver.
DEBUG - 2026-05-10 12:47:29 --> Session: Class initialized using 'CodeIgniter\Session\Handlers\FileHandler' driver.
WARNING - 2026-05-10 12:47:29 --> [DEPRECATED] Creation of dynamic property App\Controllers\Home::$db is deprecated in APPPATH\Controllers\BaseController.php on line 41.
 1 SYSTEMPATH\CodeIgniter.php(904): App\Controllers\BaseController->initController(Object(CodeIgniter\HTTP\IncomingRequest), Object(CodeIgniter\HTTP\Response), Object(CodeIgniter\Log\Logger))
 2 SYSTEMPATH\CodeIgniter.php(498): CodeIgniter\CodeIgniter->createController()
 3 SYSTEMPATH\CodeIgniter.php(354): CodeIgniter\CodeIgniter->handleRequest(null, Object(Config\Cache), false)
 4 SYSTEMPATH\Boot.php(363): CodeIgniter\CodeIgniter->run()
 5 SYSTEMPATH\Boot.php(68): CodeIgniter\Boot::runCodeIgniter(Object(CodeIgniter\CodeIgniter))
 6 FCPATH\index.php(59): CodeIgniter\Boot::bootWeb(Object(Config\Paths))
WARNING - 2026-05-10 12:47:29 --> [DEPRECATED] Creation of dynamic property App\Controllers\Home::$mymodel is deprecated in APPPATH\Controllers\BaseController.php on line 42.
 1 SYSTEMPATH\CodeIgniter.php(904): App\Controllers\BaseController->initController(Object(CodeIgniter\HTTP\IncomingRequest), Object(CodeIgniter\HTTP\Response), Object(CodeIgniter\Log\Logger))
 2 SYSTEMPATH\CodeIgniter.php(498): CodeIgniter\CodeIgniter->createController()
 3 SYSTEMPATH\CodeIgniter.php(354): CodeIgniter\CodeIgniter->handleRequest(null, Object(Config\Cache), false)
 4 SYSTEMPATH\Boot.php(363): CodeIgniter\CodeIgniter->run()
 5 SYSTEMPATH\Boot.php(68): CodeIgniter\Boot::runCodeIgniter(Object(CodeIgniter\CodeIgniter))
 6 FCPATH\index.php(59): CodeIgniter\Boot::bootWeb(Object(Config\Paths))
WARNING - 2026-05-10 12:47:29 --> [DEPRECATED] Creation of dynamic property App\Controllers\Home::$session is deprecated in APPPATH\Controllers\BaseController.php on line 46.
 1 SYSTEMPATH\CodeIgniter.php(904): App\Controllers\BaseController->initController(Object(CodeIgniter\HTTP\IncomingRequest), Object(CodeIgniter\HTTP\Response), Object(CodeIgniter\Log\Logger))
 2 SYSTEMPATH\CodeIgniter.php(498): CodeIgniter\CodeIgniter->createController()
 3 SYSTEMPATH\CodeIgniter.php(354): CodeIgniter\CodeIgniter->handleRequest(null, Object(Config\Cache), false)
 4 SYSTEMPATH\Boot.php(363): CodeIgniter\CodeIgniter->run()
 5 SYSTEMPATH\Boot.php(68): CodeIgniter\Boot::runCodeIgniter(Object(CodeIgniter\CodeIgniter))
 6 FCPATH\index.php(59): CodeIgniter\Boot::bootWeb(Object(Config\Paths))
ERROR - 2026-05-10 12:47:29 --> Error connecting to the database: mysqli_sql_exception: Access denied for user 'root'@'localhost' (using password: NO) in C:\xampp\htdocs\lead\system\Database\MySQLi\Connection.php:201
Stack trace:
#0 C:\xampp\htdocs\lead\system\Database\MySQLi\Connection.php(201): mysqli->real_connect('localhost', 'root', Object(SensitiveParameterValue), 'lead', 3306, '', 0)
#1 C:\xampp\htdocs\lead\system\Database\BaseConnection.php(419): CodeIgniter\Database\MySQLi\Connection->connect(false)
#2 C:\xampp\htdocs\lead\system\Database\BaseConnection.php(614): CodeIgniter\Database\BaseConnection->initialize()
#3 C:\xampp\htdocs\lead\system\Database\BaseBuilder.php(1649): CodeIgniter\Database\BaseConnection->query('SELECT *\nFROM `...', Array, false)
#4 C:\xampp\htdocs\lead\app\Models\Mymodel.php(38): CodeIgniter\Database\BaseBuilder->get()
#5 C:\xampp\htdocs\lead\app\Controllers\Home.php(9): App\Models\Mymodel->select_data('lead_master')
#6 C:\xampp\htdocs\lead\system\CodeIgniter.php(933): App\Controllers\Home->index()
#7 C:\xampp\htdocs\lead\system\CodeIgniter.php(507): CodeIgniter\CodeIgniter->runController(Object(App\Controllers\Home))
#8 C:\xampp\htdocs\lead\system\CodeIgniter.php(354): CodeIgniter\CodeIgniter->handleRequest(NULL, Object(Config\Cache), false)
#9 C:\xampp\htdocs\lead\system\Boot.php(363): CodeIgniter\CodeIgniter->run()
#10 C:\xampp\htdocs\lead\system\Boot.php(68): CodeIgniter\Boot::runCodeIgniter(Object(CodeIgniter\CodeIgniter))
#11 C:\xampp\htdocs\lead\index.php(59): CodeIgniter\Boot::bootWeb(Object(Config\Paths))
#12 {main}

Next CodeIgniter\Database\Exceptions\DatabaseException: Access denied for user '****'@'localhost' (using password: NO) in C:\xampp\htdocs\lead\system\Database\MySQLi\Connection.php:246
Stack trace:
#0 C:\xampp\htdocs\lead\system\Database\BaseConnection.php(419): CodeIgniter\Database\MySQLi\Connection->connect(false)
#1 C:\xampp\htdocs\lead\system\Database\BaseConnection.php(614): CodeIgniter\Database\BaseConnection->initialize()
#2 C:\xampp\htdocs\lead\system\Database\BaseBuilder.php(1649): CodeIgniter\Database\BaseConnection->query('SELECT *\nFROM `...', Array, false)
#3 C:\xampp\htdocs\lead\app\Models\Mymodel.php(38): CodeIgniter\Database\BaseBuilder->get()
#4 C:\xampp\htdocs\lead\app\Controllers\Home.php(9): App\Models\Mymodel->select_data('lead_master')
#5 C:\xampp\htdocs\lead\system\CodeIgniter.php(933): App\Controllers\Home->index()
#6 C:\xampp\htdocs\lead\system\CodeIgniter.php(507): CodeIgniter\CodeIgniter->runController(Object(App\Controllers\Home))
#7 C:\xampp\htdocs\lead\system\CodeIgniter.php(354): CodeIgniter\CodeIgniter->handleRequest(NULL, Object(Config\Cache), false)
#8 C:\xampp\htdocs\lead\system\Boot.php(363): CodeIgniter\CodeIgniter->run()
#9 C:\xampp\htdocs\lead\system\Boot.php(68): CodeIgniter\Boot::runCodeIgniter(Object(CodeIgniter\CodeIgniter))
#10 C:\xampp\htdocs\lead\index.php(59): CodeIgniter\Boot::bootWeb(Object(Config\Paths))
#11 {main}
CRITICAL - 2026-05-10 12:47:29 --> CodeIgniter\Database\Exceptions\DatabaseException: Unable to connect to the database.
Main connection [MySQLi]: Access denied for user '****'@'localhost' (using password: NO)
[Method: GET, Route: /]
in SYSTEMPATH\Database\BaseConnection.php on line 465.
 1 SYSTEMPATH\Database\BaseConnection.php(614): CodeIgniter\Database\BaseConnection->initialize()
 2 SYSTEMPATH\Database\BaseBuilder.php(1649): CodeIgniter\Database\BaseConnection->query('SELECT *
FROM `lds_lead_master`
ORDER BY `id` DESC', [], false)
 3 APPPATH\Models\Mymodel.php(38): CodeIgniter\Database\BaseBuilder->get()
 4 APPPATH\Controllers\Home.php(9): App\Models\Mymodel->select_data('lead_master')
 5 SYSTEMPATH\CodeIgniter.php(933): App\Controllers\Home->index()
 6 SYSTEMPATH\CodeIgniter.php(507): CodeIgniter\CodeIgniter->runController(Object(App\Controllers\Home))
 7 SYSTEMPATH\CodeIgniter.php(354): CodeIgniter\CodeIgniter->handleRequest(null, Object(Config\Cache), false)
 8 SYSTEMPATH\Boot.php(363): CodeIgniter\CodeIgniter->run()
 9 SYSTEMPATH\Boot.php(68): CodeIgniter\Boot::runCodeIgniter(Object(CodeIgniter\CodeIgniter))
10 FCPATH\index.php(59): CodeIgniter\Boot::bootWeb(Object(Config\Paths))
DEBUG - 2026-05-10 12:47:32 --> Session: Class initialized using 'CodeIgniter\Session\Handlers\FileHandler' driver.
WARNING - 2026-05-10 12:47:32 --> [DEPRECATED] Creation of dynamic property App\Controllers\Home::$db is deprecated in APPPATH\Controllers\BaseController.php on line 41.
 1 SYSTEMPATH\CodeIgniter.php(904): App\Controllers\BaseController->initController(Object(CodeIgniter\HTTP\IncomingRequest), Object(CodeIgniter\HTTP\Response), Object(CodeIgniter\Log\Logger))
 2 SYSTEMPATH\CodeIgniter.php(498): CodeIgniter\CodeIgniter->createController()
 3 SYSTEMPATH\CodeIgniter.php(354): CodeIgniter\CodeIgniter->handleRequest(null, Object(Config\Cache), false)
 4 SYSTEMPATH\Boot.php(363): CodeIgniter\CodeIgniter->run()
 5 SYSTEMPATH\Boot.php(68): CodeIgniter\Boot::runCodeIgniter(Object(CodeIgniter\CodeIgniter))
 6 FCPATH\index.php(59): CodeIgniter\Boot::bootWeb(Object(Config\Paths))
WARNING - 2026-05-10 12:47:32 --> [DEPRECATED] Creation of dynamic property App\Controllers\Home::$mymodel is deprecated in APPPATH\Controllers\BaseController.php on line 42.
 1 SYSTEMPATH\CodeIgniter.php(904): App\Controllers\BaseController->initController(Object(CodeIgniter\HTTP\IncomingRequest), Object(CodeIgniter\HTTP\Response), Object(CodeIgniter\Log\Logger))
 2 SYSTEMPATH\CodeIgniter.php(498): CodeIgniter\CodeIgniter->createController()
 3 SYSTEMPATH\CodeIgniter.php(354): CodeIgniter\CodeIgniter->handleRequest(null, Object(Config\Cache), false)
 4 SYSTEMPATH\Boot.php(363): CodeIgniter\CodeIgniter->run()
 5 SYSTEMPATH\Boot.php(68): CodeIgniter\Boot::runCodeIgniter(Object(CodeIgniter\CodeIgniter))
 6 FCPATH\index.php(59): CodeIgniter\Boot::bootWeb(Object(Config\Paths))
WARNING - 2026-05-10 12:47:32 --> [DEPRECATED] Creation of dynamic property App\Controllers\Home::$session is deprecated in APPPATH\Controllers\BaseController.php on line 46.
 1 SYSTEMPATH\CodeIgniter.php(904): App\Controllers\BaseController->initController(Object(CodeIgniter\HTTP\IncomingRequest), Object(CodeIgniter\HTTP\Response), Object(CodeIgniter\Log\Logger))
 2 SYSTEMPATH\CodeIgniter.php(498): CodeIgniter\CodeIgniter->createController()
 3 SYSTEMPATH\CodeIgniter.php(354): CodeIgniter\CodeIgniter->handleRequest(null, Object(Config\Cache), false)
 4 SYSTEMPATH\Boot.php(363): CodeIgniter\CodeIgniter->run()
 5 SYSTEMPATH\Boot.php(68): CodeIgniter\Boot::runCodeIgniter(Object(CodeIgniter\CodeIgniter))
 6 FCPATH\index.php(59): CodeIgniter\Boot::bootWeb(Object(Config\Paths))
ERROR - 2026-05-10 12:47:32 --> Error connecting to the database: mysqli_sql_exception: Access denied for user 'root'@'localhost' (using password: NO) in C:\xampp\htdocs\lead\system\Database\MySQLi\Connection.php:201
Stack trace:
#0 C:\xampp\htdocs\lead\system\Database\MySQLi\Connection.php(201): mysqli->real_connect('localhost', 'root', Object(SensitiveParameterValue), 'lead', 3306, '', 0)
#1 C:\xampp\htdocs\lead\system\Database\BaseConnection.php(419): CodeIgniter\Database\MySQLi\Connection->connect(false)
#2 C:\xampp\htdocs\lead\system\Database\BaseConnection.php(614): CodeIgniter\Database\BaseConnection->initialize()
#3 C:\xampp\htdocs\lead\system\Database\BaseBuilder.php(1649): CodeIgniter\Database\BaseConnection->query('SELECT *\nFROM `...', Array, false)
#4 C:\xampp\htdocs\lead\app\Models\Mymodel.php(38): CodeIgniter\Database\BaseBuilder->get()
#5 C:\xampp\htdocs\lead\app\Controllers\Home.php(9): App\Models\Mymodel->select_data('lead_master')
#6 C:\xampp\htdocs\lead\system\CodeIgniter.php(933): App\Controllers\Home->index()
#7 C:\xampp\htdocs\lead\system\CodeIgniter.php(507): CodeIgniter\CodeIgniter->runController(Object(App\Controllers\Home))
#8 C:\xampp\htdocs\lead\system\CodeIgniter.php(354): CodeIgniter\CodeIgniter->handleRequest(NULL, Object(Config\Cache), false)
#9 C:\xampp\htdocs\lead\system\Boot.php(363): CodeIgniter\CodeIgniter->run()
#10 C:\xampp\htdocs\lead\system\Boot.php(68): CodeIgniter\Boot::runCodeIgniter(Object(CodeIgniter\CodeIgniter))
#11 C:\xampp\htdocs\lead\index.php(59): CodeIgniter\Boot::bootWeb(Object(Config\Paths))
#12 {main}

Next CodeIgniter\Database\Exceptions\DatabaseException: Access denied for user '****'@'localhost' (using password: NO) in C:\xampp\htdocs\lead\system\Database\MySQLi\Connection.php:246
Stack trace:
#0 C:\xampp\htdocs\lead\system\Database\BaseConnection.php(419): CodeIgniter\Database\MySQLi\Connection->connect(false)
#1 C:\xampp\htdocs\lead\system\Database\BaseConnection.php(614): CodeIgniter\Database\BaseConnection->initialize()
#2 C:\xampp\htdocs\lead\system\Database\BaseBuilder.php(1649): CodeIgniter\Database\BaseConnection->query('SELECT *\nFROM `...', Array, false)
#3 C:\xampp\htdocs\lead\app\Models\Mymodel.php(38): CodeIgniter\Database\BaseBuilder->get()
#4 C:\xampp\htdocs\lead\app\Controllers\Home.php(9): App\Models\Mymodel->select_data('lead_master')
#5 C:\xampp\htdocs\lead\system\CodeIgniter.php(933): App\Controllers\Home->index()
#6 C:\xampp\htdocs\lead\system\CodeIgniter.php(507): CodeIgniter\CodeIgniter->runController(Object(App\Controllers\Home))
#7 C:\xampp\htdocs\lead\system\CodeIgniter.php(354): CodeIgniter\CodeIgniter->handleRequest(NULL, Object(Config\Cache), false)
#8 C:\xampp\htdocs\lead\system\Boot.php(363): CodeIgniter\CodeIgniter->run()
#9 C:\xampp\htdocs\lead\system\Boot.php(68): CodeIgniter\Boot::runCodeIgniter(Object(CodeIgniter\CodeIgniter))
#10 C:\xampp\htdocs\lead\index.php(59): CodeIgniter\Boot::bootWeb(Object(Config\Paths))
#11 {main}
CRITICAL - 2026-05-10 12:47:32 --> CodeIgniter\Database\Exceptions\DatabaseException: Unable to connect to the database.
Main connection [MySQLi]: Access denied for user '****'@'localhost' (using password: NO)
[Method: GET, Route: /]
in SYSTEMPATH\Database\BaseConnection.php on line 465.
 1 SYSTEMPATH\Database\BaseConnection.php(614): CodeIgniter\Database\BaseConnection->initialize()
 2 SYSTEMPATH\Database\BaseBuilder.php(1649): CodeIgniter\Database\BaseConnection->query('SELECT *
FROM `lds_lead_master`
ORDER BY `id` DESC', [], false)
 3 APPPATH\Models\Mymodel.php(38): CodeIgniter\Database\BaseBuilder->get()
 4 APPPATH\Controllers\Home.php(9): App\Models\Mymodel->select_data('lead_master')
 5 SYSTEMPATH\CodeIgniter.php(933): App\Controllers\Home->index()
 6 SYSTEMPATH\CodeIgniter.php(507): CodeIgniter\CodeIgniter->runController(Object(App\Controllers\Home))
 7 SYSTEMPATH\CodeIgniter.php(354): CodeIgniter\CodeIgniter->handleRequest(null, Object(Config\Cache), false)
 8 SYSTEMPATH\Boot.php(363): CodeIgniter\CodeIgniter->run()
 9 SYSTEMPATH\Boot.php(68): CodeIgniter\Boot::runCodeIgniter(Object(CodeIgniter\CodeIgniter))
10 FCPATH\index.php(59): CodeIgniter\Boot::bootWeb(Object(Config\Paths))
DEBUG - 2026-05-10 12:47:33 --> Session: Class initialized using 'CodeIgniter\Session\Handlers\FileHandler' driver.
DEBUG - 2026-05-10 12:47:33 --> Session: Class initialized using 'CodeIgniter\Session\Handlers\FileHandler' driver.
WARNING - 2026-05-10 12:47:33 --> [DEPRECATED] Creation of dynamic property App\Controllers\Home::$db is deprecated in APPPATH\Controllers\BaseController.php on line 41.
 1 SYSTEMPATH\CodeIgniter.php(904): App\Controllers\BaseController->initController(Object(CodeIgniter\HTTP\IncomingRequest), Object(CodeIgniter\HTTP\Response), Object(CodeIgniter\Log\Logger))
 2 SYSTEMPATH\CodeIgniter.php(498): CodeIgniter\CodeIgniter->createController()
 3 SYSTEMPATH\CodeIgniter.php(354): CodeIgniter\CodeIgniter->handleRequest(null, Object(Config\Cache), false)
 4 SYSTEMPATH\Boot.php(363): CodeIgniter\CodeIgniter->run()
 5 SYSTEMPATH\Boot.php(68): CodeIgniter\Boot::runCodeIgniter(Object(CodeIgniter\CodeIgniter))
 6 FCPATH\index.php(59): CodeIgniter\Boot::bootWeb(Object(Config\Paths))
WARNING - 2026-05-10 12:47:34 --> [DEPRECATED] Creation of dynamic property App\Controllers\Home::$mymodel is deprecated in APPPATH\Controllers\BaseController.php on line 42.
 1 SYSTEMPATH\CodeIgniter.php(904): App\Controllers\BaseController->initController(Object(CodeIgniter\HTTP\IncomingRequest), Object(CodeIgniter\HTTP\Response), Object(CodeIgniter\Log\Logger))
 2 SYSTEMPATH\CodeIgniter.php(498): CodeIgniter\CodeIgniter->createController()
 3 SYSTEMPATH\CodeIgniter.php(354): CodeIgniter\CodeIgniter->handleRequest(null, Object(Config\Cache), false)
 4 SYSTEMPATH\Boot.php(363): CodeIgniter\CodeIgniter->run()
 5 SYSTEMPATH\Boot.php(68): CodeIgniter\Boot::runCodeIgniter(Object(CodeIgniter\CodeIgniter))
 6 FCPATH\index.php(59): CodeIgniter\Boot::bootWeb(Object(Config\Paths))
WARNING - 2026-05-10 12:47:34 --> [DEPRECATED] Creation of dynamic property App\Controllers\Home::$session is deprecated in APPPATH\Controllers\BaseController.php on line 46.
 1 SYSTEMPATH\CodeIgniter.php(904): App\Controllers\BaseController->initController(Object(CodeIgniter\HTTP\IncomingRequest), Object(CodeIgniter\HTTP\Response), Object(CodeIgniter\Log\Logger))
 2 SYSTEMPATH\CodeIgniter.php(498): CodeIgniter\CodeIgniter->createController()
 3 SYSTEMPATH\CodeIgniter.php(354): CodeIgniter\CodeIgniter->handleRequest(null, Object(Config\Cache), false)
 4 SYSTEMPATH\Boot.php(363): CodeIgniter\CodeIgniter->run()
 5 SYSTEMPATH\Boot.php(68): CodeIgniter\Boot::runCodeIgniter(Object(CodeIgniter\CodeIgniter))
 6 FCPATH\index.php(59): CodeIgniter\Boot::bootWeb(Object(Config\Paths))
ERROR - 2026-05-10 12:47:34 --> Error connecting to the database: mysqli_sql_exception: Access denied for user 'root'@'localhost' (using password: NO) in C:\xampp\htdocs\lead\system\Database\MySQLi\Connection.php:201
Stack trace:
#0 C:\xampp\htdocs\lead\system\Database\MySQLi\Connection.php(201): mysqli->real_connect('localhost', 'root', Object(SensitiveParameterValue), 'lead', 3306, '', 0)
#1 C:\xampp\htdocs\lead\system\Database\BaseConnection.php(419): CodeIgniter\Database\MySQLi\Connection->connect(false)
#2 C:\xampp\htdocs\lead\system\Database\BaseConnection.php(614): CodeIgniter\Database\BaseConnection->initialize()
#3 C:\xampp\htdocs\lead\system\Database\BaseBuilder.php(1649): CodeIgniter\Database\BaseConnection->query('SELECT *\nFROM `...', Array, false)
#4 C:\xampp\htdocs\lead\app\Models\Mymodel.php(38): CodeIgniter\Database\BaseBuilder->get()
#5 C:\xampp\htdocs\lead\app\Controllers\Home.php(9): App\Models\Mymodel->select_data('lead_master')
#6 C:\xampp\htdocs\lead\system\CodeIgniter.php(933): App\Controllers\Home->index()
#7 C:\xampp\htdocs\lead\system\CodeIgniter.php(507): CodeIgniter\CodeIgniter->runController(Object(App\Controllers\Home))
#8 C:\xampp\htdocs\lead\system\CodeIgniter.php(354): CodeIgniter\CodeIgniter->handleRequest(NULL, Object(Config\Cache), false)
#9 C:\xampp\htdocs\lead\system\Boot.php(363): CodeIgniter\CodeIgniter->run()
#10 C:\xampp\htdocs\lead\system\Boot.php(68): CodeIgniter\Boot::runCodeIgniter(Object(CodeIgniter\CodeIgniter))
#11 C:\xampp\htdocs\lead\index.php(59): CodeIgniter\Boot::bootWeb(Object(Config\Paths))
#12 {main}

Next CodeIgniter\Database\Exceptions\DatabaseException: Access denied for user '****'@'localhost' (using password: NO) in C:\xampp\htdocs\lead\system\Database\MySQLi\Connection.php:246
Stack trace:
#0 C:\xampp\htdocs\lead\system\Database\BaseConnection.php(419): CodeIgniter\Database\MySQLi\Connection->connect(false)
#1 C:\xampp\htdocs\lead\system\Database\BaseConnection.php(614): CodeIgniter\Database\BaseConnection->initialize()
#2 C:\xampp\htdocs\lead\system\Database\BaseBuilder.php(1649): CodeIgniter\Database\BaseConnection->query('SELECT *\nFROM `...', Array, false)
#3 C:\xampp\htdocs\lead\app\Models\Mymodel.php(38): CodeIgniter\Database\BaseBuilder->get()
#4 C:\xampp\htdocs\lead\app\Controllers\Home.php(9): App\Models\Mymodel->select_data('lead_master')
#5 C:\xampp\htdocs\lead\system\CodeIgniter.php(933): App\Controllers\Home->index()
#6 C:\xampp\htdocs\lead\system\CodeIgniter.php(507): CodeIgniter\CodeIgniter->runController(Object(App\Controllers\Home))
#7 C:\xampp\htdocs\lead\system\CodeIgniter.php(354): CodeIgniter\CodeIgniter->handleRequest(NULL, Object(Config\Cache), false)
#8 C:\xampp\htdocs\lead\system\Boot.php(363): CodeIgniter\CodeIgniter->run()
#9 C:\xampp\htdocs\lead\system\Boot.php(68): CodeIgniter\Boot::runCodeIgniter(Object(CodeIgniter\CodeIgniter))
#10 C:\xampp\htdocs\lead\index.php(59): CodeIgniter\Boot::bootWeb(Object(Config\Paths))
#11 {main}
CRITICAL - 2026-05-10 12:47:34 --> CodeIgniter\Database\Exceptions\DatabaseException: Unable to connect to the database.
Main connection [MySQLi]: Access denied for user '****'@'localhost' (using password: NO)
[Method: GET, Route: /]
in SYSTEMPATH\Database\BaseConnection.php on line 465.
 1 SYSTEMPATH\Database\BaseConnection.php(614): CodeIgniter\Database\BaseConnection->initialize()
 2 SYSTEMPATH\Database\BaseBuilder.php(1649): CodeIgniter\Database\BaseConnection->query('SELECT *
FROM `lds_lead_master`
ORDER BY `id` DESC', [], false)
 3 APPPATH\Models\Mymodel.php(38): CodeIgniter\Database\BaseBuilder->get()
 4 APPPATH\Controllers\Home.php(9): App\Models\Mymodel->select_data('lead_master')
 5 SYSTEMPATH\CodeIgniter.php(933): App\Controllers\Home->index()
 6 SYSTEMPATH\CodeIgniter.php(507): CodeIgniter\CodeIgniter->runController(Object(App\Controllers\Home))
 7 SYSTEMPATH\CodeIgniter.php(354): CodeIgniter\CodeIgniter->handleRequest(null, Object(Config\Cache), false)
 8 SYSTEMPATH\Boot.php(363): CodeIgniter\CodeIgniter->run()
 9 SYSTEMPATH\Boot.php(68): CodeIgniter\Boot::runCodeIgniter(Object(CodeIgniter\CodeIgniter))
10 FCPATH\index.php(59): CodeIgniter\Boot::bootWeb(Object(Config\Paths))
DEBUG - 2026-05-10 12:47:42 --> Session: Class initialized using 'CodeIgniter\Session\Handlers\FileHandler' driver.
WARNING - 2026-05-10 12:47:42 --> [DEPRECATED] Creation of dynamic property App\Controllers\Home::$db is deprecated in APPPATH\Controllers\BaseController.php on line 41.
 1 SYSTEMPATH\CodeIgniter.php(904): App\Controllers\BaseController->initController(Object(CodeIgniter\HTTP\IncomingRequest), Object(CodeIgniter\HTTP\Response), Object(CodeIgniter\Log\Logger))
 2 SYSTEMPATH\CodeIgniter.php(498): CodeIgniter\CodeIgniter->createController()
 3 SYSTEMPATH\CodeIgniter.php(354): CodeIgniter\CodeIgniter->handleRequest(null, Object(Config\Cache), false)
 4 SYSTEMPATH\Boot.php(363): CodeIgniter\CodeIgniter->run()
 5 SYSTEMPATH\Boot.php(68): CodeIgniter\Boot::runCodeIgniter(Object(CodeIgniter\CodeIgniter))
 6 FCPATH\index.php(59): CodeIgniter\Boot::bootWeb(Object(Config\Paths))
WARNING - 2026-05-10 12:47:42 --> [DEPRECATED] Creation of dynamic property App\Controllers\Home::$mymodel is deprecated in APPPATH\Controllers\BaseController.php on line 42.
 1 SYSTEMPATH\CodeIgniter.php(904): App\Controllers\BaseController->initController(Object(CodeIgniter\HTTP\IncomingRequest), Object(CodeIgniter\HTTP\Response), Object(CodeIgniter\Log\Logger))
 2 SYSTEMPATH\CodeIgniter.php(498): CodeIgniter\CodeIgniter->createController()
 3 SYSTEMPATH\CodeIgniter.php(354): CodeIgniter\CodeIgniter->handleRequest(null, Object(Config\Cache), false)
 4 SYSTEMPATH\Boot.php(363): CodeIgniter\CodeIgniter->run()
 5 SYSTEMPATH\Boot.php(68): CodeIgniter\Boot::runCodeIgniter(Object(CodeIgniter\CodeIgniter))
 6 FCPATH\index.php(59): CodeIgniter\Boot::bootWeb(Object(Config\Paths))
WARNING - 2026-05-10 12:47:42 --> [DEPRECATED] Creation of dynamic property App\Controllers\Home::$session is deprecated in APPPATH\Controllers\BaseController.php on line 46.
 1 SYSTEMPATH\CodeIgniter.php(904): App\Controllers\BaseController->initController(Object(CodeIgniter\HTTP\IncomingRequest), Object(CodeIgniter\HTTP\Response), Object(CodeIgniter\Log\Logger))
 2 SYSTEMPATH\CodeIgniter.php(498): CodeIgniter\CodeIgniter->createController()
 3 SYSTEMPATH\CodeIgniter.php(354): CodeIgniter\CodeIgniter->handleRequest(null, Object(Config\Cache), false)
 4 SYSTEMPATH\Boot.php(363): CodeIgniter\CodeIgniter->run()
 5 SYSTEMPATH\Boot.php(68): CodeIgniter\Boot::runCodeIgniter(Object(CodeIgniter\CodeIgniter))
 6 FCPATH\index.php(59): CodeIgniter\Boot::bootWeb(Object(Config\Paths))
ERROR - 2026-05-10 12:47:43 --> Error connecting to the database: mysqli_sql_exception: Access denied for user 'root'@'localhost' (using password: NO) in C:\xampp\htdocs\lead\system\Database\MySQLi\Connection.php:201
Stack trace:
#0 C:\xampp\htdocs\lead\system\Database\MySQLi\Connection.php(201): mysqli->real_connect('localhost', 'root', Object(SensitiveParameterValue), 'lead', 3306, '', 0)
#1 C:\xampp\htdocs\lead\system\Database\BaseConnection.php(419): CodeIgniter\Database\MySQLi\Connection->connect(false)
#2 C:\xampp\htdocs\lead\system\Database\BaseConnection.php(614): CodeIgniter\Database\BaseConnection->initialize()
#3 C:\xampp\htdocs\lead\system\Database\BaseBuilder.php(1649): CodeIgniter\Database\BaseConnection->query('SELECT *\nFROM `...', Array, false)
#4 C:\xampp\htdocs\lead\app\Models\Mymodel.php(38): CodeIgniter\Database\BaseBuilder->get()
#5 C:\xampp\htdocs\lead\app\Controllers\Home.php(9): App\Models\Mymodel->select_data('lead_master')
#6 C:\xampp\htdocs\lead\system\CodeIgniter.php(933): App\Controllers\Home->index()
#7 C:\xampp\htdocs\lead\system\CodeIgniter.php(507): CodeIgniter\CodeIgniter->runController(Object(App\Controllers\Home))
#8 C:\xampp\htdocs\lead\system\CodeIgniter.php(354): CodeIgniter\CodeIgniter->handleRequest(NULL, Object(Config\Cache), false)
#9 C:\xampp\htdocs\lead\system\Boot.php(363): CodeIgniter\CodeIgniter->run()
#10 C:\xampp\htdocs\lead\system\Boot.php(68): CodeIgniter\Boot::runCodeIgniter(Object(CodeIgniter\CodeIgniter))
#11 C:\xampp\htdocs\lead\index.php(59): CodeIgniter\Boot::bootWeb(Object(Config\Paths))
#12 {main}

Next CodeIgniter\Database\Exceptions\DatabaseException: Access denied for user '****'@'localhost' (using password: NO) in C:\xampp\htdocs\lead\system\Database\MySQLi\Connection.php:246
Stack trace:
#0 C:\xampp\htdocs\lead\system\Database\BaseConnection.php(419): CodeIgniter\Database\MySQLi\Connection->connect(false)
#1 C:\xampp\htdocs\lead\system\Database\BaseConnection.php(614): CodeIgniter\Database\BaseConnection->initialize()
#2 C:\xampp\htdocs\lead\system\Database\BaseBuilder.php(1649): CodeIgniter\Database\BaseConnection->query('SELECT *\nFROM `...', Array, false)
#3 C:\xampp\htdocs\lead\app\Models\Mymodel.php(38): CodeIgniter\Database\BaseBuilder->get()
#4 C:\xampp\htdocs\lead\app\Controllers\Home.php(9): App\Models\Mymodel->select_data('lead_master')
#5 C:\xampp\htdocs\lead\system\CodeIgniter.php(933): App\Controllers\Home->index()
#6 C:\xampp\htdocs\lead\system\CodeIgniter.php(507): CodeIgniter\CodeIgniter->runController(Object(App\Controllers\Home))
#7 C:\xampp\htdocs\lead\system\CodeIgniter.php(354): CodeIgniter\CodeIgniter->handleRequest(NULL, Object(Config\Cache), false)
#8 C:\xampp\htdocs\lead\system\Boot.php(363): CodeIgniter\CodeIgniter->run()
#9 C:\xampp\htdocs\lead\system\Boot.php(68): CodeIgniter\Boot::runCodeIgniter(Object(CodeIgniter\CodeIgniter))
#10 C:\xampp\htdocs\lead\index.php(59): CodeIgniter\Boot::bootWeb(Object(Config\Paths))
#11 {main}
CRITICAL - 2026-05-10 12:47:43 --> CodeIgniter\Database\Exceptions\DatabaseException: Unable to connect to the database.
Main connection [MySQLi]: Access denied for user '****'@'localhost' (using password: NO)
[Method: GET, Route: /]
in SYSTEMPATH\Database\BaseConnection.php on line 465.
 1 SYSTEMPATH\Database\BaseConnection.php(614): CodeIgniter\Database\BaseConnection->initialize()
 2 SYSTEMPATH\Database\BaseBuilder.php(1649): CodeIgniter\Database\BaseConnection->query('SELECT *
FROM `lds_lead_master`
ORDER BY `id` DESC', [], false)
 3 APPPATH\Models\Mymodel.php(38): CodeIgniter\Database\BaseBuilder->get()
 4 APPPATH\Controllers\Home.php(9): App\Models\Mymodel->select_data('lead_master')
 5 SYSTEMPATH\CodeIgniter.php(933): App\Controllers\Home->index()
 6 SYSTEMPATH\CodeIgniter.php(507): CodeIgniter\CodeIgniter->runController(Object(App\Controllers\Home))
 7 SYSTEMPATH\CodeIgniter.php(354): CodeIgniter\CodeIgniter->handleRequest(null, Object(Config\Cache), false)
 8 SYSTEMPATH\Boot.php(363): CodeIgniter\CodeIgniter->run()
 9 SYSTEMPATH\Boot.php(68): CodeIgniter\Boot::runCodeIgniter(Object(CodeIgniter\CodeIgniter))
10 FCPATH\index.php(59): CodeIgniter\Boot::bootWeb(Object(Config\Paths))
DEBUG - 2026-05-10 12:47:45 --> Session: Class initialized using 'CodeIgniter\Session\Handlers\FileHandler' driver.
WARNING - 2026-05-10 12:47:45 --> [DEPRECATED] Creation of dynamic property App\Controllers\Home::$db is deprecated in APPPATH\Controllers\BaseController.php on line 41.
 1 SYSTEMPATH\CodeIgniter.php(904): App\Controllers\BaseController->initController(Object(CodeIgniter\HTTP\IncomingRequest), Object(CodeIgniter\HTTP\Response), Object(CodeIgniter\Log\Logger))
 2 SYSTEMPATH\CodeIgniter.php(498): CodeIgniter\CodeIgniter->createController()
 3 SYSTEMPATH\CodeIgniter.php(354): CodeIgniter\CodeIgniter->handleRequest(null, Object(Config\Cache), false)
 4 SYSTEMPATH\Boot.php(363): CodeIgniter\CodeIgniter->run()
 5 SYSTEMPATH\Boot.php(68): CodeIgniter\Boot::runCodeIgniter(Object(CodeIgniter\CodeIgniter))
 6 FCPATH\index.php(59): CodeIgniter\Boot::bootWeb(Object(Config\Paths))
WARNING - 2026-05-10 12:47:45 --> [DEPRECATED] Creation of dynamic property App\Controllers\Home::$mymodel is deprecated in APPPATH\Controllers\BaseController.php on line 42.
 1 SYSTEMPATH\CodeIgniter.php(904): App\Controllers\BaseController->initController(Object(CodeIgniter\HTTP\IncomingRequest), Object(CodeIgniter\HTTP\Response), Object(CodeIgniter\Log\Logger))
 2 SYSTEMPATH\CodeIgniter.php(498): CodeIgniter\CodeIgniter->createController()
 3 SYSTEMPATH\CodeIgniter.php(354): CodeIgniter\CodeIgniter->handleRequest(null, Object(Config\Cache), false)
 4 SYSTEMPATH\Boot.php(363): CodeIgniter\CodeIgniter->run()
 5 SYSTEMPATH\Boot.php(68): CodeIgniter\Boot::runCodeIgniter(Object(CodeIgniter\CodeIgniter))
 6 FCPATH\index.php(59): CodeIgniter\Boot::bootWeb(Object(Config\Paths))
WARNING - 2026-05-10 12:47:45 --> [DEPRECATED] Creation of dynamic property App\Controllers\Home::$session is deprecated in APPPATH\Controllers\BaseController.php on line 46.
 1 SYSTEMPATH\CodeIgniter.php(904): App\Controllers\BaseController->initController(Object(CodeIgniter\HTTP\IncomingRequest), Object(CodeIgniter\HTTP\Response), Object(CodeIgniter\Log\Logger))
 2 SYSTEMPATH\CodeIgniter.php(498): CodeIgniter\CodeIgniter->createController()
 3 SYSTEMPATH\CodeIgniter.php(354): CodeIgniter\CodeIgniter->handleRequest(null, Object(Config\Cache), false)
 4 SYSTEMPATH\Boot.php(363): CodeIgniter\CodeIgniter->run()
 5 SYSTEMPATH\Boot.php(68): CodeIgniter\Boot::runCodeIgniter(Object(CodeIgniter\CodeIgniter))
 6 FCPATH\index.php(59): CodeIgniter\Boot::bootWeb(Object(Config\Paths))
ERROR - 2026-05-10 12:47:45 --> Error connecting to the database: mysqli_sql_exception: Access denied for user 'root'@'localhost' (using password: NO) in C:\xampp\htdocs\lead\system\Database\MySQLi\Connection.php:201
Stack trace:
#0 C:\xampp\htdocs\lead\system\Database\MySQLi\Connection.php(201): mysqli->real_connect('localhost', 'root', Object(SensitiveParameterValue), 'lead', 3306, '', 0)
#1 C:\xampp\htdocs\lead\system\Database\BaseConnection.php(419): CodeIgniter\Database\MySQLi\Connection->connect(false)
#2 C:\xampp\htdocs\lead\system\Database\BaseConnection.php(614): CodeIgniter\Database\BaseConnection->initialize()
#3 C:\xampp\htdocs\lead\system\Database\BaseBuilder.php(1649): CodeIgniter\Database\BaseConnection->query('SELECT *\nFROM `...', Array, false)
#4 C:\xampp\htdocs\lead\app\Models\Mymodel.php(38): CodeIgniter\Database\BaseBuilder->get()
#5 C:\xampp\htdocs\lead\app\Controllers\Home.php(9): App\Models\Mymodel->select_data('lead_master')
#6 C:\xampp\htdocs\lead\system\CodeIgniter.php(933): App\Controllers\Home->index()
#7 C:\xampp\htdocs\lead\system\CodeIgniter.php(507): CodeIgniter\CodeIgniter->runController(Object(App\Controllers\Home))
#8 C:\xampp\htdocs\lead\system\CodeIgniter.php(354): CodeIgniter\CodeIgniter->handleRequest(NULL, Object(Config\Cache), false)
#9 C:\xampp\htdocs\lead\system\Boot.php(363): CodeIgniter\CodeIgniter->run()
#10 C:\xampp\htdocs\lead\system\Boot.php(68): CodeIgniter\Boot::runCodeIgniter(Object(CodeIgniter\CodeIgniter))
#11 C:\xampp\htdocs\lead\index.php(59): CodeIgniter\Boot::bootWeb(Object(Config\Paths))
#12 {main}

Next CodeIgniter\Database\Exceptions\DatabaseException: Access denied for user '****'@'localhost' (using password: NO) in C:\xampp\htdocs\lead\system\Database\MySQLi\Connection.php:246
Stack trace:
#0 C:\xampp\htdocs\lead\system\Database\BaseConnection.php(419): CodeIgniter\Database\MySQLi\Connection->connect(false)
#1 C:\xampp\htdocs\lead\system\Database\BaseConnection.php(614): CodeIgniter\Database\BaseConnection->initialize()
#2 C:\xampp\htdocs\lead\system\Database\BaseBuilder.php(1649): CodeIgniter\Database\BaseConnection->query('SELECT *\nFROM `...', Array, false)
#3 C:\xampp\htdocs\lead\app\Models\Mymodel.php(38): CodeIgniter\Database\BaseBuilder->get()
#4 C:\xampp\htdocs\lead\app\Controllers\Home.php(9): App\Models\Mymodel->select_data('lead_master')
#5 C:\xampp\htdocs\lead\system\CodeIgniter.php(933): App\Controllers\Home->index()
#6 C:\xampp\htdocs\lead\system\CodeIgniter.php(507): CodeIgniter\CodeIgniter->runController(Object(App\Controllers\Home))
#7 C:\xampp\htdocs\lead\system\CodeIgniter.php(354): CodeIgniter\CodeIgniter->handleRequest(NULL, Object(Config\Cache), false)
#8 C:\xampp\htdocs\lead\system\Boot.php(363): CodeIgniter\CodeIgniter->run()
#9 C:\xampp\htdocs\lead\system\Boot.php(68): CodeIgniter\Boot::runCodeIgniter(Object(CodeIgniter\CodeIgniter))
#10 C:\xampp\htdocs\lead\index.php(59): CodeIgniter\Boot::bootWeb(Object(Config\Paths))
#11 {main}
CRITICAL - 2026-05-10 12:47:45 --> CodeIgniter\Database\Exceptions\DatabaseException: Unable to connect to the database.
Main connection [MySQLi]: Access denied for user '****'@'localhost' (using password: NO)
[Method: GET, Route: /]
in SYSTEMPATH\Database\BaseConnection.php on line 465.
 1 SYSTEMPATH\Database\BaseConnection.php(614): CodeIgniter\Database\BaseConnection->initialize()
 2 SYSTEMPATH\Database\BaseBuilder.php(1649): CodeIgniter\Database\BaseConnection->query('SELECT *
FROM `lds_lead_master`
ORDER BY `id` DESC', [], false)
 3 APPPATH\Models\Mymodel.php(38): CodeIgniter\Database\BaseBuilder->get()
 4 APPPATH\Controllers\Home.php(9): App\Models\Mymodel->select_data('lead_master')
 5 SYSTEMPATH\CodeIgniter.php(933): App\Controllers\Home->index()
 6 SYSTEMPATH\CodeIgniter.php(507): CodeIgniter\CodeIgniter->runController(Object(App\Controllers\Home))
 7 SYSTEMPATH\CodeIgniter.php(354): CodeIgniter\CodeIgniter->handleRequest(null, Object(Config\Cache), false)
 8 SYSTEMPATH\Boot.php(363): CodeIgniter\CodeIgniter->run()
 9 SYSTEMPATH\Boot.php(68): CodeIgniter\Boot::runCodeIgniter(Object(CodeIgniter\CodeIgniter))
10 FCPATH\index.php(59): CodeIgniter\Boot::bootWeb(Object(Config\Paths))
DEBUG - 2026-05-10 12:47:46 --> Session: Class initialized using 'CodeIgniter\Session\Handlers\FileHandler' driver.
DEBUG - 2026-05-10 12:47:46 --> Session: Class initialized using 'CodeIgniter\Session\Handlers\FileHandler' driver.
WARNING - 2026-05-10 12:47:46 --> [DEPRECATED] Creation of dynamic property App\Controllers\Home::$db is deprecated in APPPATH\Controllers\BaseController.php on line 41.
 1 SYSTEMPATH\CodeIgniter.php(904): App\Controllers\BaseController->initController(Object(CodeIgniter\HTTP\IncomingRequest), Object(CodeIgniter\HTTP\Response), Object(CodeIgniter\Log\Logger))
 2 SYSTEMPATH\CodeIgniter.php(498): CodeIgniter\CodeIgniter->createController()
 3 SYSTEMPATH\CodeIgniter.php(354): CodeIgniter\CodeIgniter->handleRequest(null, Object(Config\Cache), false)
 4 SYSTEMPATH\Boot.php(363): CodeIgniter\CodeIgniter->run()
 5 SYSTEMPATH\Boot.php(68): CodeIgniter\Boot::runCodeIgniter(Object(CodeIgniter\CodeIgniter))
 6 FCPATH\index.php(59): CodeIgniter\Boot::bootWeb(Object(Config\Paths))
WARNING - 2026-05-10 12:47:46 --> [DEPRECATED] Creation of dynamic property App\Controllers\Home::$mymodel is deprecated in APPPATH\Controllers\BaseController.php on line 42.
 1 SYSTEMPATH\CodeIgniter.php(904): App\Controllers\BaseController->initController(Object(CodeIgniter\HTTP\IncomingRequest), Object(CodeIgniter\HTTP\Response), Object(CodeIgniter\Log\Logger))
 2 SYSTEMPATH\CodeIgniter.php(498): CodeIgniter\CodeIgniter->createController()
 3 SYSTEMPATH\CodeIgniter.php(354): CodeIgniter\CodeIgniter->handleRequest(null, Object(Config\Cache), false)
 4 SYSTEMPATH\Boot.php(363): CodeIgniter\CodeIgniter->run()
 5 SYSTEMPATH\Boot.php(68): CodeIgniter\Boot::runCodeIgniter(Object(CodeIgniter\CodeIgniter))
 6 FCPATH\index.php(59): CodeIgniter\Boot::bootWeb(Object(Config\Paths))
WARNING - 2026-05-10 12:47:46 --> [DEPRECATED] Creation of dynamic property App\Controllers\Home::$session is deprecated in APPPATH\Controllers\BaseController.php on line 46.
 1 SYSTEMPATH\CodeIgniter.php(904): App\Controllers\BaseController->initController(Object(CodeIgniter\HTTP\IncomingRequest), Object(CodeIgniter\HTTP\Response), Object(CodeIgniter\Log\Logger))
 2 SYSTEMPATH\CodeIgniter.php(498): CodeIgniter\CodeIgniter->createController()
 3 SYSTEMPATH\CodeIgniter.php(354): CodeIgniter\CodeIgniter->handleRequest(null, Object(Config\Cache), false)
 4 SYSTEMPATH\Boot.php(363): CodeIgniter\CodeIgniter->run()
 5 SYSTEMPATH\Boot.php(68): CodeIgniter\Boot::runCodeIgniter(Object(CodeIgniter\CodeIgniter))
 6 FCPATH\index.php(59): CodeIgniter\Boot::bootWeb(Object(Config\Paths))
ERROR - 2026-05-10 12:47:46 --> Error connecting to the database: mysqli_sql_exception: Access denied for user 'root'@'localhost' (using password: NO) in C:\xampp\htdocs\lead\system\Database\MySQLi\Connection.php:201
Stack trace:
#0 C:\xampp\htdocs\lead\system\Database\MySQLi\Connection.php(201): mysqli->real_connect('localhost', 'root', Object(SensitiveParameterValue), 'lead', 3306, '', 0)
#1 C:\xampp\htdocs\lead\system\Database\BaseConnection.php(419): CodeIgniter\Database\MySQLi\Connection->connect(false)
#2 C:\xampp\htdocs\lead\system\Database\BaseConnection.php(614): CodeIgniter\Database\BaseConnection->initialize()
#3 C:\xampp\htdocs\lead\system\Database\BaseBuilder.php(1649): CodeIgniter\Database\BaseConnection->query('SELECT *\nFROM `...', Array, false)
#4 C:\xampp\htdocs\lead\app\Models\Mymodel.php(38): CodeIgniter\Database\BaseBuilder->get()
#5 C:\xampp\htdocs\lead\app\Controllers\Home.php(9): App\Models\Mymodel->select_data('lead_master')
#6 C:\xampp\htdocs\lead\system\CodeIgniter.php(933): App\Controllers\Home->index()
#7 C:\xampp\htdocs\lead\system\CodeIgniter.php(507): CodeIgniter\CodeIgniter->runController(Object(App\Controllers\Home))
#8 C:\xampp\htdocs\lead\system\CodeIgniter.php(354): CodeIgniter\CodeIgniter->handleRequest(NULL, Object(Config\Cache), false)
#9 C:\xampp\htdocs\lead\system\Boot.php(363): CodeIgniter\CodeIgniter->run()
#10 C:\xampp\htdocs\lead\system\Boot.php(68): CodeIgniter\Boot::runCodeIgniter(Object(CodeIgniter\CodeIgniter))
#11 C:\xampp\htdocs\lead\index.php(59): CodeIgniter\Boot::bootWeb(Object(Config\Paths))
#12 {main}

Next CodeIgniter\Database\Exceptions\DatabaseException: Access denied for user '****'@'localhost' (using password: NO) in C:\xampp\htdocs\lead\system\Database\MySQLi\Connection.php:246
Stack trace:
#0 C:\xampp\htdocs\lead\system\Database\BaseConnection.php(419): CodeIgniter\Database\MySQLi\Connection->connect(false)
#1 C:\xampp\htdocs\lead\system\Database\BaseConnection.php(614): CodeIgniter\Database\BaseConnection->initialize()
#2 C:\xampp\htdocs\lead\system\Database\BaseBuilder.php(1649): CodeIgniter\Database\BaseConnection->query('SELECT *\nFROM `...', Array, false)
#3 C:\xampp\htdocs\lead\app\Models\Mymodel.php(38): CodeIgniter\Database\BaseBuilder->get()
#4 C:\xampp\htdocs\lead\app\Controllers\Home.php(9): App\Models\Mymodel->select_data('lead_master')
#5 C:\xampp\htdocs\lead\system\CodeIgniter.php(933): App\Controllers\Home->index()
#6 C:\xampp\htdocs\lead\system\CodeIgniter.php(507): CodeIgniter\CodeIgniter->runController(Object(App\Controllers\Home))
#7 C:\xampp\htdocs\lead\system\CodeIgniter.php(354): CodeIgniter\CodeIgniter->handleRequest(NULL, Object(Config\Cache), false)
#8 C:\xampp\htdocs\lead\system\Boot.php(363): CodeIgniter\CodeIgniter->run()
#9 C:\xampp\htdocs\lead\system\Boot.php(68): CodeIgniter\Boot::runCodeIgniter(Object(CodeIgniter\CodeIgniter))
#10 C:\xampp\htdocs\lead\index.php(59): CodeIgniter\Boot::bootWeb(Object(Config\Paths))
#11 {main}
CRITICAL - 2026-05-10 12:47:46 --> CodeIgniter\Database\Exceptions\DatabaseException: Unable to connect to the database.
Main connection [MySQLi]: Access denied for user '****'@'localhost' (using password: NO)
[Method: GET, Route: /]
in SYSTEMPATH\Database\BaseConnection.php on line 465.
 1 SYSTEMPATH\Database\BaseConnection.php(614): CodeIgniter\Database\BaseConnection->initialize()
 2 SYSTEMPATH\Database\BaseBuilder.php(1649): CodeIgniter\Database\BaseConnection->query('SELECT *
FROM `lds_lead_master`
ORDER BY `id` DESC', [], false)
 3 APPPATH\Models\Mymodel.php(38): CodeIgniter\Database\BaseBuilder->get()
 4 APPPATH\Controllers\Home.php(9): App\Models\Mymodel->select_data('lead_master')
 5 SYSTEMPATH\CodeIgniter.php(933): App\Controllers\Home->index()
 6 SYSTEMPATH\CodeIgniter.php(507): CodeIgniter\CodeIgniter->runController(Object(App\Controllers\Home))
 7 SYSTEMPATH\CodeIgniter.php(354): CodeIgniter\CodeIgniter->handleRequest(null, Object(Config\Cache), false)
 8 SYSTEMPATH\Boot.php(363): CodeIgniter\CodeIgniter->run()
 9 SYSTEMPATH\Boot.php(68): CodeIgniter\Boot::runCodeIgniter(Object(CodeIgniter\CodeIgniter))
10 FCPATH\index.php(59): CodeIgniter\Boot::bootWeb(Object(Config\Paths))
DEBUG - 2026-05-10 12:47:48 --> Session: Class initialized using 'CodeIgniter\Session\Handlers\FileHandler' driver.
DEBUG - 2026-05-10 12:47:48 --> Session: Class initialized using 'CodeIgniter\Session\Handlers\FileHandler' driver.
WARNING - 2026-05-10 12:47:48 --> [DEPRECATED] Creation of dynamic property App\Controllers\Home::$db is deprecated in APPPATH\Controllers\BaseController.php on line 41.
 1 SYSTEMPATH\CodeIgniter.php(904): App\Controllers\BaseController->initController(Object(CodeIgniter\HTTP\IncomingRequest), Object(CodeIgniter\HTTP\Response), Object(CodeIgniter\Log\Logger))
 2 SYSTEMPATH\CodeIgniter.php(498): CodeIgniter\CodeIgniter->createController()
 3 SYSTEMPATH\CodeIgniter.php(354): CodeIgniter\CodeIgniter->handleRequest(null, Object(Config\Cache), false)
 4 SYSTEMPATH\Boot.php(363): CodeIgniter\CodeIgniter->run()
 5 SYSTEMPATH\Boot.php(68): CodeIgniter\Boot::runCodeIgniter(Object(CodeIgniter\CodeIgniter))
 6 FCPATH\index.php(59): CodeIgniter\Boot::bootWeb(Object(Config\Paths))
WARNING - 2026-05-10 12:47:48 --> [DEPRECATED] Creation of dynamic property App\Controllers\Home::$mymodel is deprecated in APPPATH\Controllers\BaseController.php on line 42.
 1 SYSTEMPATH\CodeIgniter.php(904): App\Controllers\BaseController->initController(Object(CodeIgniter\HTTP\IncomingRequest), Object(CodeIgniter\HTTP\Response), Object(CodeIgniter\Log\Logger))
 2 SYSTEMPATH\CodeIgniter.php(498): CodeIgniter\CodeIgniter->createController()
 3 SYSTEMPATH\CodeIgniter.php(354): CodeIgniter\CodeIgniter->handleRequest(null, Object(Config\Cache), false)
 4 SYSTEMPATH\Boot.php(363): CodeIgniter\CodeIgniter->run()
 5 SYSTEMPATH\Boot.php(68): CodeIgniter\Boot::runCodeIgniter(Object(CodeIgniter\CodeIgniter))
 6 FCPATH\index.php(59): CodeIgniter\Boot::bootWeb(Object(Config\Paths))
WARNING - 2026-05-10 12:47:48 --> [DEPRECATED] Creation of dynamic property App\Controllers\Home::$session is deprecated in APPPATH\Controllers\BaseController.php on line 46.
 1 SYSTEMPATH\CodeIgniter.php(904): App\Controllers\BaseController->initController(Object(CodeIgniter\HTTP\IncomingRequest), Object(CodeIgniter\HTTP\Response), Object(CodeIgniter\Log\Logger))
 2 SYSTEMPATH\CodeIgniter.php(498): CodeIgniter\CodeIgniter->createController()
 3 SYSTEMPATH\CodeIgniter.php(354): CodeIgniter\CodeIgniter->handleRequest(null, Object(Config\Cache), false)
 4 SYSTEMPATH\Boot.php(363): CodeIgniter\CodeIgniter->run()
 5 SYSTEMPATH\Boot.php(68): CodeIgniter\Boot::runCodeIgniter(Object(CodeIgniter\CodeIgniter))
 6 FCPATH\index.php(59): CodeIgniter\Boot::bootWeb(Object(Config\Paths))
ERROR - 2026-05-10 12:47:48 --> Error connecting to the database: mysqli_sql_exception: Access denied for user 'root'@'localhost' (using password: NO) in C:\xampp\htdocs\lead\system\Database\MySQLi\Connection.php:201
Stack trace:
#0 C:\xampp\htdocs\lead\system\Database\MySQLi\Connection.php(201): mysqli->real_connect('localhost', 'root', Object(SensitiveParameterValue), 'lead', 3306, '', 0)
#1 C:\xampp\htdocs\lead\system\Database\BaseConnection.php(419): CodeIgniter\Database\MySQLi\Connection->connect(false)
#2 C:\xampp\htdocs\lead\system\Database\BaseConnection.php(614): CodeIgniter\Database\BaseConnection->initialize()
#3 C:\xampp\htdocs\lead\system\Database\BaseBuilder.php(1649): CodeIgniter\Database\BaseConnection->query('SELECT *\nFROM `...', Array, false)
#4 C:\xampp\htdocs\lead\app\Models\Mymodel.php(38): CodeIgniter\Database\BaseBuilder->get()
#5 C:\xampp\htdocs\lead\app\Controllers\Home.php(9): App\Models\Mymodel->select_data('lead_master')
#6 C:\xampp\htdocs\lead\system\CodeIgniter.php(933): App\Controllers\Home->index()
#7 C:\xampp\htdocs\lead\system\CodeIgniter.php(507): CodeIgniter\CodeIgniter->runController(Object(App\Controllers\Home))
#8 C:\xampp\htdocs\lead\system\CodeIgniter.php(354): CodeIgniter\CodeIgniter->handleRequest(NULL, Object(Config\Cache), false)
#9 C:\xampp\htdocs\lead\system\Boot.php(363): CodeIgniter\CodeIgniter->run()
#10 C:\xampp\htdocs\lead\system\Boot.php(68): CodeIgniter\Boot::runCodeIgniter(Object(CodeIgniter\CodeIgniter))
#11 C:\xampp\htdocs\lead\index.php(59): CodeIgniter\Boot::bootWeb(Object(Config\Paths))
#12 {main}

Next CodeIgniter\Database\Exceptions\DatabaseException: Access denied for user '****'@'localhost' (using password: NO) in C:\xampp\htdocs\lead\system\Database\MySQLi\Connection.php:246
Stack trace:
#0 C:\xampp\htdocs\lead\system\Database\BaseConnection.php(419): CodeIgniter\Database\MySQLi\Connection->connect(false)
#1 C:\xampp\htdocs\lead\system\Database\BaseConnection.php(614): CodeIgniter\Database\BaseConnection->initialize()
#2 C:\xampp\htdocs\lead\system\Database\BaseBuilder.php(1649): CodeIgniter\Database\BaseConnection->query('SELECT *\nFROM `...', Array, false)
#3 C:\xampp\htdocs\lead\app\Models\Mymodel.php(38): CodeIgniter\Database\BaseBuilder->get()
#4 C:\xampp\htdocs\lead\app\Controllers\Home.php(9): App\Models\Mymodel->select_data('lead_master')
#5 C:\xampp\htdocs\lead\system\CodeIgniter.php(933): App\Controllers\Home->index()
#6 C:\xampp\htdocs\lead\system\CodeIgniter.php(507): CodeIgniter\CodeIgniter->runController(Object(App\Controllers\Home))
#7 C:\xampp\htdocs\lead\system\CodeIgniter.php(354): CodeIgniter\CodeIgniter->handleRequest(NULL, Object(Config\Cache), false)
#8 C:\xampp\htdocs\lead\system\Boot.php(363): CodeIgniter\CodeIgniter->run()
#9 C:\xampp\htdocs\lead\system\Boot.php(68): CodeIgniter\Boot::runCodeIgniter(Object(CodeIgniter\CodeIgniter))
#10 C:\xampp\htdocs\lead\index.php(59): CodeIgniter\Boot::bootWeb(Object(Config\Paths))
#11 {main}
CRITICAL - 2026-05-10 12:47:48 --> CodeIgniter\Database\Exceptions\DatabaseException: Unable to connect to the database.
Main connection [MySQLi]: Access denied for user '****'@'localhost' (using password: NO)
[Method: GET, Route: /]
in SYSTEMPATH\Database\BaseConnection.php on line 465.
 1 SYSTEMPATH\Database\BaseConnection.php(614): CodeIgniter\Database\BaseConnection->initialize()
 2 SYSTEMPATH\Database\BaseBuilder.php(1649): CodeIgniter\Database\BaseConnection->query('SELECT *
FROM `lds_lead_master`
ORDER BY `id` DESC', [], false)
 3 APPPATH\Models\Mymodel.php(38): CodeIgniter\Database\BaseBuilder->get()
 4 APPPATH\Controllers\Home.php(9): App\Models\Mymodel->select_data('lead_master')
 5 SYSTEMPATH\CodeIgniter.php(933): App\Controllers\Home->index()
 6 SYSTEMPATH\CodeIgniter.php(507): CodeIgniter\CodeIgniter->runController(Object(App\Controllers\Home))
 7 SYSTEMPATH\CodeIgniter.php(354): CodeIgniter\CodeIgniter->handleRequest(null, Object(Config\Cache), false)
 8 SYSTEMPATH\Boot.php(363): CodeIgniter\CodeIgniter->run()
 9 SYSTEMPATH\Boot.php(68): CodeIgniter\Boot::runCodeIgniter(Object(CodeIgniter\CodeIgniter))
10 FCPATH\index.php(59): CodeIgniter\Boot::bootWeb(Object(Config\Paths))
DEBUG - 2026-05-10 12:47:55 --> Session: Class initialized using 'CodeIgniter\Session\Handlers\FileHandler' driver.
WARNING - 2026-05-10 12:47:55 --> [DEPRECATED] Creation of dynamic property App\Controllers\Home::$db is deprecated in APPPATH\Controllers\BaseController.php on line 41.
 1 SYSTEMPATH\CodeIgniter.php(904): App\Controllers\BaseController->initController(Object(CodeIgniter\HTTP\IncomingRequest), Object(CodeIgniter\HTTP\Response), Object(CodeIgniter\Log\Logger))
 2 SYSTEMPATH\CodeIgniter.php(498): CodeIgniter\CodeIgniter->createController()
 3 SYSTEMPATH\CodeIgniter.php(354): CodeIgniter\CodeIgniter->handleRequest(null, Object(Config\Cache), false)
 4 SYSTEMPATH\Boot.php(363): CodeIgniter\CodeIgniter->run()
 5 SYSTEMPATH\Boot.php(68): CodeIgniter\Boot::runCodeIgniter(Object(CodeIgniter\CodeIgniter))
 6 FCPATH\index.php(59): CodeIgniter\Boot::bootWeb(Object(Config\Paths))
WARNING - 2026-05-10 12:47:55 --> [DEPRECATED] Creation of dynamic property App\Controllers\Home::$mymodel is deprecated in APPPATH\Controllers\BaseController.php on line 42.
 1 SYSTEMPATH\CodeIgniter.php(904): App\Controllers\BaseController->initController(Object(CodeIgniter\HTTP\IncomingRequest), Object(CodeIgniter\HTTP\Response), Object(CodeIgniter\Log\Logger))
 2 SYSTEMPATH\CodeIgniter.php(498): CodeIgniter\CodeIgniter->createController()
 3 SYSTEMPATH\CodeIgniter.php(354): CodeIgniter\CodeIgniter->handleRequest(null, Object(Config\Cache), false)
 4 SYSTEMPATH\Boot.php(363): CodeIgniter\CodeIgniter->run()
 5 SYSTEMPATH\Boot.php(68): CodeIgniter\Boot::runCodeIgniter(Object(CodeIgniter\CodeIgniter))
 6 FCPATH\index.php(59): CodeIgniter\Boot::bootWeb(Object(Config\Paths))
WARNING - 2026-05-10 12:47:55 --> [DEPRECATED] Creation of dynamic property App\Controllers\Home::$session is deprecated in APPPATH\Controllers\BaseController.php on line 46.
 1 SYSTEMPATH\CodeIgniter.php(904): App\Controllers\BaseController->initController(Object(CodeIgniter\HTTP\IncomingRequest), Object(CodeIgniter\HTTP\Response), Object(CodeIgniter\Log\Logger))
 2 SYSTEMPATH\CodeIgniter.php(498): CodeIgniter\CodeIgniter->createController()
 3 SYSTEMPATH\CodeIgniter.php(354): CodeIgniter\CodeIgniter->handleRequest(null, Object(Config\Cache), false)
 4 SYSTEMPATH\Boot.php(363): CodeIgniter\CodeIgniter->run()
 5 SYSTEMPATH\Boot.php(68): CodeIgniter\Boot::runCodeIgniter(Object(CodeIgniter\CodeIgniter))
 6 FCPATH\index.php(59): CodeIgniter\Boot::bootWeb(Object(Config\Paths))
ERROR - 2026-05-10 12:47:55 --> Error connecting to the database: mysqli_sql_exception: Access denied for user 'root'@'localhost' (using password: NO) in C:\xampp\htdocs\lead\system\Database\MySQLi\Connection.php:201
Stack trace:
#0 C:\xampp\htdocs\lead\system\Database\MySQLi\Connection.php(201): mysqli->real_connect('localhost', 'root', Object(SensitiveParameterValue), 'lead', 3306, '', 0)
#1 C:\xampp\htdocs\lead\system\Database\BaseConnection.php(419): CodeIgniter\Database\MySQLi\Connection->connect(false)
#2 C:\xampp\htdocs\lead\system\Database\BaseConnection.php(614): CodeIgniter\Database\BaseConnection->initialize()
#3 C:\xampp\htdocs\lead\system\Database\BaseBuilder.php(1649): CodeIgniter\Database\BaseConnection->query('SELECT *\nFROM `...', Array, false)
#4 C:\xampp\htdocs\lead\app\Models\Mymodel.php(38): CodeIgniter\Database\BaseBuilder->get()
#5 C:\xampp\htdocs\lead\app\Controllers\Home.php(9): App\Models\Mymodel->select_data('lead_master')
#6 C:\xampp\htdocs\lead\system\CodeIgniter.php(933): App\Controllers\Home->index()
#7 C:\xampp\htdocs\lead\system\CodeIgniter.php(507): CodeIgniter\CodeIgniter->runController(Object(App\Controllers\Home))
#8 C:\xampp\htdocs\lead\system\CodeIgniter.php(354): CodeIgniter\CodeIgniter->handleRequest(NULL, Object(Config\Cache), false)
#9 C:\xampp\htdocs\lead\system\Boot.php(363): CodeIgniter\CodeIgniter->run()
#10 C:\xampp\htdocs\lead\system\Boot.php(68): CodeIgniter\Boot::runCodeIgniter(Object(CodeIgniter\CodeIgniter))
#11 C:\xampp\htdocs\lead\index.php(59): CodeIgniter\Boot::bootWeb(Object(Config\Paths))
#12 {main}

Next CodeIgniter\Database\Exceptions\DatabaseException: Access denied for user '****'@'localhost' (using password: NO) in C:\xampp\htdocs\lead\system\Database\MySQLi\Connection.php:246
Stack trace:
#0 C:\xampp\htdocs\lead\system\Database\BaseConnection.php(419): CodeIgniter\Database\MySQLi\Connection->connect(false)
#1 C:\xampp\htdocs\lead\system\Database\BaseConnection.php(614): CodeIgniter\Database\BaseConnection->initialize()
#2 C:\xampp\htdocs\lead\system\Database\BaseBuilder.php(1649): CodeIgniter\Database\BaseConnection->query('SELECT *\nFROM `...', Array, false)
#3 C:\xampp\htdocs\lead\app\Models\Mymodel.php(38): CodeIgniter\Database\BaseBuilder->get()
#4 C:\xampp\htdocs\lead\app\Controllers\Home.php(9): App\Models\Mymodel->select_data('lead_master')
#5 C:\xampp\htdocs\lead\system\CodeIgniter.php(933): App\Controllers\Home->index()
#6 C:\xampp\htdocs\lead\system\CodeIgniter.php(507): CodeIgniter\CodeIgniter->runController(Object(App\Controllers\Home))
#7 C:\xampp\htdocs\lead\system\CodeIgniter.php(354): CodeIgniter\CodeIgniter->handleRequest(NULL, Object(Config\Cache), false)
#8 C:\xampp\htdocs\lead\system\Boot.php(363): CodeIgniter\CodeIgniter->run()
#9 C:\xampp\htdocs\lead\system\Boot.php(68): CodeIgniter\Boot::runCodeIgniter(Object(CodeIgniter\CodeIgniter))
#10 C:\xampp\htdocs\lead\index.php(59): CodeIgniter\Boot::bootWeb(Object(Config\Paths))
#11 {main}
CRITICAL - 2026-05-10 12:47:55 --> CodeIgniter\Database\Exceptions\DatabaseException: Unable to connect to the database.
Main connection [MySQLi]: Access denied for user '****'@'localhost' (using password: NO)
[Method: GET, Route: /]
in SYSTEMPATH\Database\BaseConnection.php on line 465.
 1 SYSTEMPATH\Database\BaseConnection.php(614): CodeIgniter\Database\BaseConnection->initialize()
 2 SYSTEMPATH\Database\BaseBuilder.php(1649): CodeIgniter\Database\BaseConnection->query('SELECT *
FROM `lds_lead_master`
ORDER BY `id` DESC', [], false)
 3 APPPATH\Models\Mymodel.php(38): CodeIgniter\Database\BaseBuilder->get()
 4 APPPATH\Controllers\Home.php(9): App\Models\Mymodel->select_data('lead_master')
 5 SYSTEMPATH\CodeIgniter.php(933): App\Controllers\Home->index()
 6 SYSTEMPATH\CodeIgniter.php(507): CodeIgniter\CodeIgniter->runController(Object(App\Controllers\Home))
 7 SYSTEMPATH\CodeIgniter.php(354): CodeIgniter\CodeIgniter->handleRequest(null, Object(Config\Cache), false)
 8 SYSTEMPATH\Boot.php(363): CodeIgniter\CodeIgniter->run()
 9 SYSTEMPATH\Boot.php(68): CodeIgniter\Boot::runCodeIgniter(Object(CodeIgniter\CodeIgniter))
10 FCPATH\index.php(59): CodeIgniter\Boot::bootWeb(Object(Config\Paths))
DEBUG - 2026-05-10 12:47:57 --> Session: Class initialized using 'CodeIgniter\Session\Handlers\FileHandler' driver.
DEBUG - 2026-05-10 12:47:57 --> Session: Class initialized using 'CodeIgniter\Session\Handlers\FileHandler' driver.
WARNING - 2026-05-10 12:47:57 --> [DEPRECATED] Creation of dynamic property App\Controllers\Home::$db is deprecated in APPPATH\Controllers\BaseController.php on line 41.
 1 SYSTEMPATH\CodeIgniter.php(904): App\Controllers\BaseController->initController(Object(CodeIgniter\HTTP\IncomingRequest), Object(CodeIgniter\HTTP\Response), Object(CodeIgniter\Log\Logger))
 2 SYSTEMPATH\CodeIgniter.php(498): CodeIgniter\CodeIgniter->createController()
 3 SYSTEMPATH\CodeIgniter.php(354): CodeIgniter\CodeIgniter->handleRequest(null, Object(Config\Cache), false)
 4 SYSTEMPATH\Boot.php(363): CodeIgniter\CodeIgniter->run()
 5 SYSTEMPATH\Boot.php(68): CodeIgniter\Boot::runCodeIgniter(Object(CodeIgniter\CodeIgniter))
 6 FCPATH\index.php(59): CodeIgniter\Boot::bootWeb(Object(Config\Paths))
WARNING - 2026-05-10 12:47:57 --> [DEPRECATED] Creation of dynamic property App\Controllers\Home::$mymodel is deprecated in APPPATH\Controllers\BaseController.php on line 42.
 1 SYSTEMPATH\CodeIgniter.php(904): App\Controllers\BaseController->initController(Object(CodeIgniter\HTTP\IncomingRequest), Object(CodeIgniter\HTTP\Response), Object(CodeIgniter\Log\Logger))
 2 SYSTEMPATH\CodeIgniter.php(498): CodeIgniter\CodeIgniter->createController()
 3 SYSTEMPATH\CodeIgniter.php(354): CodeIgniter\CodeIgniter->handleRequest(null, Object(Config\Cache), false)
 4 SYSTEMPATH\Boot.php(363): CodeIgniter\CodeIgniter->run()
 5 SYSTEMPATH\Boot.php(68): CodeIgniter\Boot::runCodeIgniter(Object(CodeIgniter\CodeIgniter))
 6 FCPATH\index.php(59): CodeIgniter\Boot::bootWeb(Object(Config\Paths))
WARNING - 2026-05-10 12:47:57 --> [DEPRECATED] Creation of dynamic property App\Controllers\Home::$session is deprecated in APPPATH\Controllers\BaseController.php on line 46.
 1 SYSTEMPATH\CodeIgniter.php(904): App\Controllers\BaseController->initController(Object(CodeIgniter\HTTP\IncomingRequest), Object(CodeIgniter\HTTP\Response), Object(CodeIgniter\Log\Logger))
 2 SYSTEMPATH\CodeIgniter.php(498): CodeIgniter\CodeIgniter->createController()
 3 SYSTEMPATH\CodeIgniter.php(354): CodeIgniter\CodeIgniter->handleRequest(null, Object(Config\Cache), false)
 4 SYSTEMPATH\Boot.php(363): CodeIgniter\CodeIgniter->run()
 5 SYSTEMPATH\Boot.php(68): CodeIgniter\Boot::runCodeIgniter(Object(CodeIgniter\CodeIgniter))
 6 FCPATH\index.php(59): CodeIgniter\Boot::bootWeb(Object(Config\Paths))
ERROR - 2026-05-10 12:47:57 --> Error connecting to the database: mysqli_sql_exception: Access denied for user 'root'@'localhost' (using password: NO) in C:\xampp\htdocs\lead\system\Database\MySQLi\Connection.php:201
Stack trace:
#0 C:\xampp\htdocs\lead\system\Database\MySQLi\Connection.php(201): mysqli->real_connect('localhost', 'root', Object(SensitiveParameterValue), 'lead', 3306, '', 0)
#1 C:\xampp\htdocs\lead\system\Database\BaseConnection.php(419): CodeIgniter\Database\MySQLi\Connection->connect(false)
#2 C:\xampp\htdocs\lead\system\Database\BaseConnection.php(614): CodeIgniter\Database\BaseConnection->initialize()
#3 C:\xampp\htdocs\lead\system\Database\BaseBuilder.php(1649): CodeIgniter\Database\BaseConnection->query('SELECT *\nFROM `...', Array, false)
#4 C:\xampp\htdocs\lead\app\Models\Mymodel.php(38): CodeIgniter\Database\BaseBuilder->get()
#5 C:\xampp\htdocs\lead\app\Controllers\Home.php(9): App\Models\Mymodel->select_data('lead_master')
#6 C:\xampp\htdocs\lead\system\CodeIgniter.php(933): App\Controllers\Home->index()
#7 C:\xampp\htdocs\lead\system\CodeIgniter.php(507): CodeIgniter\CodeIgniter->runController(Object(App\Controllers\Home))
#8 C:\xampp\htdocs\lead\system\CodeIgniter.php(354): CodeIgniter\CodeIgniter->handleRequest(NULL, Object(Config\Cache), false)
#9 C:\xampp\htdocs\lead\system\Boot.php(363): CodeIgniter\CodeIgniter->run()
#10 C:\xampp\htdocs\lead\system\Boot.php(68): CodeIgniter\Boot::runCodeIgniter(Object(CodeIgniter\CodeIgniter))
#11 C:\xampp\htdocs\lead\index.php(59): CodeIgniter\Boot::bootWeb(Object(Config\Paths))
#12 {main}

Next CodeIgniter\Database\Exceptions\DatabaseException: Access denied for user '****'@'localhost' (using password: NO) in C:\xampp\htdocs\lead\system\Database\MySQLi\Connection.php:246
Stack trace:
#0 C:\xampp\htdocs\lead\system\Database\BaseConnection.php(419): CodeIgniter\Database\MySQLi\Connection->connect(false)
#1 C:\xampp\htdocs\lead\system\Database\BaseConnection.php(614): CodeIgniter\Database\BaseConnection->initialize()
#2 C:\xampp\htdocs\lead\system\Database\BaseBuilder.php(1649): CodeIgniter\Database\BaseConnection->query('SELECT *\nFROM `...', Array, false)
#3 C:\xampp\htdocs\lead\app\Models\Mymodel.php(38): CodeIgniter\Database\BaseBuilder->get()
#4 C:\xampp\htdocs\lead\app\Controllers\Home.php(9): App\Models\Mymodel->select_data('lead_master')
#5 C:\xampp\htdocs\lead\system\CodeIgniter.php(933): App\Controllers\Home->index()
#6 C:\xampp\htdocs\lead\system\CodeIgniter.php(507): CodeIgniter\CodeIgniter->runController(Object(App\Controllers\Home))
#7 C:\xampp\htdocs\lead\system\CodeIgniter.php(354): CodeIgniter\CodeIgniter->handleRequest(NULL, Object(Config\Cache), false)
#8 C:\xampp\htdocs\lead\system\Boot.php(363): CodeIgniter\CodeIgniter->run()
#9 C:\xampp\htdocs\lead\system\Boot.php(68): CodeIgniter\Boot::runCodeIgniter(Object(CodeIgniter\CodeIgniter))
#10 C:\xampp\htdocs\lead\index.php(59): CodeIgniter\Boot::bootWeb(Object(Config\Paths))
#11 {main}
CRITICAL - 2026-05-10 12:47:57 --> CodeIgniter\Database\Exceptions\DatabaseException: Unable to connect to the database.
Main connection [MySQLi]: Access denied for user '****'@'localhost' (using password: NO)
[Method: GET, Route: /]
in SYSTEMPATH\Database\BaseConnection.php on line 465.
 1 SYSTEMPATH\Database\BaseConnection.php(614): CodeIgniter\Database\BaseConnection->initialize()
 2 SYSTEMPATH\Database\BaseBuilder.php(1649): CodeIgniter\Database\BaseConnection->query('SELECT *
FROM `lds_lead_master`
ORDER BY `id` DESC', [], false)
 3 APPPATH\Models\Mymodel.php(38): CodeIgniter\Database\BaseBuilder->get()
 4 APPPATH\Controllers\Home.php(9): App\Models\Mymodel->select_data('lead_master')
 5 SYSTEMPATH\CodeIgniter.php(933): App\Controllers\Home->index()
 6 SYSTEMPATH\CodeIgniter.php(507): CodeIgniter\CodeIgniter->runController(Object(App\Controllers\Home))
 7 SYSTEMPATH\CodeIgniter.php(354): CodeIgniter\CodeIgniter->handleRequest(null, Object(Config\Cache), false)
 8 SYSTEMPATH\Boot.php(363): CodeIgniter\CodeIgniter->run()
 9 SYSTEMPATH\Boot.php(68): CodeIgniter\Boot::runCodeIgniter(Object(CodeIgniter\CodeIgniter))
10 FCPATH\index.php(59): CodeIgniter\Boot::bootWeb(Object(Config\Paths))
DEBUG - 2026-05-10 12:47:58 --> Session: Class initialized using 'CodeIgniter\Session\Handlers\FileHandler' driver.
DEBUG - 2026-05-10 12:47:58 --> Session: Class initialized using 'CodeIgniter\Session\Handlers\FileHandler' driver.
WARNING - 2026-05-10 12:47:58 --> [DEPRECATED] Creation of dynamic property App\Controllers\Home::$db is deprecated in APPPATH\Controllers\BaseController.php on line 41.
 1 SYSTEMPATH\CodeIgniter.php(904): App\Controllers\BaseController->initController(Object(CodeIgniter\HTTP\IncomingRequest), Object(CodeIgniter\HTTP\Response), Object(CodeIgniter\Log\Logger))
 2 SYSTEMPATH\CodeIgniter.php(498): CodeIgniter\CodeIgniter->createController()
 3 SYSTEMPATH\CodeIgniter.php(354): CodeIgniter\CodeIgniter->handleRequest(null, Object(Config\Cache), false)
 4 SYSTEMPATH\Boot.php(363): CodeIgniter\CodeIgniter->run()
 5 SYSTEMPATH\Boot.php(68): CodeIgniter\Boot::runCodeIgniter(Object(CodeIgniter\CodeIgniter))
 6 FCPATH\index.php(59): CodeIgniter\Boot::bootWeb(Object(Config\Paths))
WARNING - 2026-05-10 12:47:58 --> [DEPRECATED] Creation of dynamic property App\Controllers\Home::$mymodel is deprecated in APPPATH\Controllers\BaseController.php on line 42.
 1 SYSTEMPATH\CodeIgniter.php(904): App\Controllers\BaseController->initController(Object(CodeIgniter\HTTP\IncomingRequest), Object(CodeIgniter\HTTP\Response), Object(CodeIgniter\Log\Logger))
 2 SYSTEMPATH\CodeIgniter.php(498): CodeIgniter\CodeIgniter->createController()
 3 SYSTEMPATH\CodeIgniter.php(354): CodeIgniter\CodeIgniter->handleRequest(null, Object(Config\Cache), false)
 4 SYSTEMPATH\Boot.php(363): CodeIgniter\CodeIgniter->run()
 5 SYSTEMPATH\Boot.php(68): CodeIgniter\Boot::runCodeIgniter(Object(CodeIgniter\CodeIgniter))
 6 FCPATH\index.php(59): CodeIgniter\Boot::bootWeb(Object(Config\Paths))
WARNING - 2026-05-10 12:47:58 --> [DEPRECATED] Creation of dynamic property App\Controllers\Home::$session is deprecated in APPPATH\Controllers\BaseController.php on line 46.
 1 SYSTEMPATH\CodeIgniter.php(904): App\Controllers\BaseController->initController(Object(CodeIgniter\HTTP\IncomingRequest), Object(CodeIgniter\HTTP\Response), Object(CodeIgniter\Log\Logger))
 2 SYSTEMPATH\CodeIgniter.php(498): CodeIgniter\CodeIgniter->createController()
 3 SYSTEMPATH\CodeIgniter.php(354): CodeIgniter\CodeIgniter->handleRequest(null, Object(Config\Cache), false)
 4 SYSTEMPATH\Boot.php(363): CodeIgniter\CodeIgniter->run()
 5 SYSTEMPATH\Boot.php(68): CodeIgniter\Boot::runCodeIgniter(Object(CodeIgniter\CodeIgniter))
 6 FCPATH\index.php(59): CodeIgniter\Boot::bootWeb(Object(Config\Paths))
ERROR - 2026-05-10 12:47:58 --> Error connecting to the database: mysqli_sql_exception: Access denied for user 'root'@'localhost' (using password: NO) in C:\xampp\htdocs\lead\system\Database\MySQLi\Connection.php:201
Stack trace:
#0 C:\xampp\htdocs\lead\system\Database\MySQLi\Connection.php(201): mysqli->real_connect('localhost', 'root', Object(SensitiveParameterValue), 'lead', 3306, '', 0)
#1 C:\xampp\htdocs\lead\system\Database\BaseConnection.php(419): CodeIgniter\Database\MySQLi\Connection->connect(false)
#2 C:\xampp\htdocs\lead\system\Database\BaseConnection.php(614): CodeIgniter\Database\BaseConnection->initialize()
#3 C:\xampp\htdocs\lead\system\Database\BaseBuilder.php(1649): CodeIgniter\Database\BaseConnection->query('SELECT *\nFROM `...', Array, false)
#4 C:\xampp\htdocs\lead\app\Models\Mymodel.php(38): CodeIgniter\Database\BaseBuilder->get()
#5 C:\xampp\htdocs\lead\app\Controllers\Home.php(9): App\Models\Mymodel->select_data('lead_master')
#6 C:\xampp\htdocs\lead\system\CodeIgniter.php(933): App\Controllers\Home->index()
#7 C:\xampp\htdocs\lead\system\CodeIgniter.php(507): CodeIgniter\CodeIgniter->runController(Object(App\Controllers\Home))
#8 C:\xampp\htdocs\lead\system\CodeIgniter.php(354): CodeIgniter\CodeIgniter->handleRequest(NULL, Object(Config\Cache), false)
#9 C:\xampp\htdocs\lead\system\Boot.php(363): CodeIgniter\CodeIgniter->run()
#10 C:\xampp\htdocs\lead\system\Boot.php(68): CodeIgniter\Boot::runCodeIgniter(Object(CodeIgniter\CodeIgniter))
#11 C:\xampp\htdocs\lead\index.php(59): CodeIgniter\Boot::bootWeb(Object(Config\Paths))
#12 {main}

Next CodeIgniter\Database\Exceptions\DatabaseException: Access denied for user '****'@'localhost' (using password: NO) in C:\xampp\htdocs\lead\system\Database\MySQLi\Connection.php:246
Stack trace:
#0 C:\xampp\htdocs\lead\system\Database\BaseConnection.php(419): CodeIgniter\Database\MySQLi\Connection->connect(false)
#1 C:\xampp\htdocs\lead\system\Database\BaseConnection.php(614): CodeIgniter\Database\BaseConnection->initialize()
#2 C:\xampp\htdocs\lead\system\Database\BaseBuilder.php(1649): CodeIgniter\Database\BaseConnection->query('SELECT *\nFROM `...', Array, false)
#3 C:\xampp\htdocs\lead\app\Models\Mymodel.php(38): CodeIgniter\Database\BaseBuilder->get()
#4 C:\xampp\htdocs\lead\app\Controllers\Home.php(9): App\Models\Mymodel->select_data('lead_master')
#5 C:\xampp\htdocs\lead\system\CodeIgniter.php(933): App\Controllers\Home->index()
#6 C:\xampp\htdocs\lead\system\CodeIgniter.php(507): CodeIgniter\CodeIgniter->runController(Object(App\Controllers\Home))
#7 C:\xampp\htdocs\lead\system\CodeIgniter.php(354): CodeIgniter\CodeIgniter->handleRequest(NULL, Object(Config\Cache), false)
#8 C:\xampp\htdocs\lead\system\Boot.php(363): CodeIgniter\CodeIgniter->run()
#9 C:\xampp\htdocs\lead\system\Boot.php(68): CodeIgniter\Boot::runCodeIgniter(Object(CodeIgniter\CodeIgniter))
#10 C:\xampp\htdocs\lead\index.php(59): CodeIgniter\Boot::bootWeb(Object(Config\Paths))
#11 {main}
CRITICAL - 2026-05-10 12:47:58 --> CodeIgniter\Database\Exceptions\DatabaseException: Unable to connect to the database.
Main connection [MySQLi]: Access denied for user '****'@'localhost' (using password: NO)
[Method: GET, Route: /]
in SYSTEMPATH\Database\BaseConnection.php on line 465.
 1 SYSTEMPATH\Database\BaseConnection.php(614): CodeIgniter\Database\BaseConnection->initialize()
 2 SYSTEMPATH\Database\BaseBuilder.php(1649): CodeIgniter\Database\BaseConnection->query('SELECT *
FROM `lds_lead_master`
ORDER BY `id` DESC', [], false)
 3 APPPATH\Models\Mymodel.php(38): CodeIgniter\Database\BaseBuilder->get()
 4 APPPATH\Controllers\Home.php(9): App\Models\Mymodel->select_data('lead_master')
 5 SYSTEMPATH\CodeIgniter.php(933): App\Controllers\Home->index()
 6 SYSTEMPATH\CodeIgniter.php(507): CodeIgniter\CodeIgniter->runController(Object(App\Controllers\Home))
 7 SYSTEMPATH\CodeIgniter.php(354): CodeIgniter\CodeIgniter->handleRequest(null, Object(Config\Cache), false)
 8 SYSTEMPATH\Boot.php(363): CodeIgniter\CodeIgniter->run()
 9 SYSTEMPATH\Boot.php(68): CodeIgniter\Boot::runCodeIgniter(Object(CodeIgniter\CodeIgniter))
10 FCPATH\index.php(59): CodeIgniter\Boot::bootWeb(Object(Config\Paths))
DEBUG - 2026-05-10 12:48:32 --> Session: Class initialized using 'CodeIgniter\Session\Handlers\FileHandler' driver.
WARNING - 2026-05-10 12:48:32 --> [DEPRECATED] Creation of dynamic property App\Controllers\Home::$db is deprecated in APPPATH\Controllers\BaseController.php on line 41.
 1 SYSTEMPATH\CodeIgniter.php(904): App\Controllers\BaseController->initController(Object(CodeIgniter\HTTP\IncomingRequest), Object(CodeIgniter\HTTP\Response), Object(CodeIgniter\Log\Logger))
 2 SYSTEMPATH\CodeIgniter.php(498): CodeIgniter\CodeIgniter->createController()
 3 SYSTEMPATH\CodeIgniter.php(354): CodeIgniter\CodeIgniter->handleRequest(null, Object(Config\Cache), false)
 4 SYSTEMPATH\Boot.php(363): CodeIgniter\CodeIgniter->run()
 5 SYSTEMPATH\Boot.php(68): CodeIgniter\Boot::runCodeIgniter(Object(CodeIgniter\CodeIgniter))
 6 FCPATH\index.php(59): CodeIgniter\Boot::bootWeb(Object(Config\Paths))
WARNING - 2026-05-10 12:48:32 --> [DEPRECATED] Creation of dynamic property App\Controllers\Home::$mymodel is deprecated in APPPATH\Controllers\BaseController.php on line 42.
 1 SYSTEMPATH\CodeIgniter.php(904): App\Controllers\BaseController->initController(Object(CodeIgniter\HTTP\IncomingRequest), Object(CodeIgniter\HTTP\Response), Object(CodeIgniter\Log\Logger))
 2 SYSTEMPATH\CodeIgniter.php(498): CodeIgniter\CodeIgniter->createController()
 3 SYSTEMPATH\CodeIgniter.php(354): CodeIgniter\CodeIgniter->handleRequest(null, Object(Config\Cache), false)
 4 SYSTEMPATH\Boot.php(363): CodeIgniter\CodeIgniter->run()
 5 SYSTEMPATH\Boot.php(68): CodeIgniter\Boot::runCodeIgniter(Object(CodeIgniter\CodeIgniter))
 6 FCPATH\index.php(59): CodeIgniter\Boot::bootWeb(Object(Config\Paths))
WARNING - 2026-05-10 12:48:32 --> [DEPRECATED] Creation of dynamic property App\Controllers\Home::$session is deprecated in APPPATH\Controllers\BaseController.php on line 46.
 1 SYSTEMPATH\CodeIgniter.php(904): App\Controllers\BaseController->initController(Object(CodeIgniter\HTTP\IncomingRequest), Object(CodeIgniter\HTTP\Response), Object(CodeIgniter\Log\Logger))
 2 SYSTEMPATH\CodeIgniter.php(498): CodeIgniter\CodeIgniter->createController()
 3 SYSTEMPATH\CodeIgniter.php(354): CodeIgniter\CodeIgniter->handleRequest(null, Object(Config\Cache), false)
 4 SYSTEMPATH\Boot.php(363): CodeIgniter\CodeIgniter->run()
 5 SYSTEMPATH\Boot.php(68): CodeIgniter\Boot::runCodeIgniter(Object(CodeIgniter\CodeIgniter))
 6 FCPATH\index.php(59): CodeIgniter\Boot::bootWeb(Object(Config\Paths))
ERROR - 2026-05-10 12:48:32 --> Error connecting to the database: mysqli_sql_exception: Access denied for user 'root'@'localhost' (using password: NO) in C:\xampp\htdocs\lead\system\Database\MySQLi\Connection.php:201
Stack trace:
#0 C:\xampp\htdocs\lead\system\Database\MySQLi\Connection.php(201): mysqli->real_connect('localhost', 'root', Object(SensitiveParameterValue), 'lead', 3306, '', 0)
#1 C:\xampp\htdocs\lead\system\Database\BaseConnection.php(419): CodeIgniter\Database\MySQLi\Connection->connect(false)
#2 C:\xampp\htdocs\lead\system\Database\BaseConnection.php(614): CodeIgniter\Database\BaseConnection->initialize()
#3 C:\xampp\htdocs\lead\system\Database\BaseBuilder.php(1649): CodeIgniter\Database\BaseConnection->query('SELECT *\nFROM `...', Array, false)
#4 C:\xampp\htdocs\lead\app\Models\Mymodel.php(38): CodeIgniter\Database\BaseBuilder->get()
#5 C:\xampp\htdocs\lead\app\Controllers\Home.php(9): App\Models\Mymodel->select_data('lead_master')
#6 C:\xampp\htdocs\lead\system\CodeIgniter.php(933): App\Controllers\Home->index()
#7 C:\xampp\htdocs\lead\system\CodeIgniter.php(507): CodeIgniter\CodeIgniter->runController(Object(App\Controllers\Home))
#8 C:\xampp\htdocs\lead\system\CodeIgniter.php(354): CodeIgniter\CodeIgniter->handleRequest(NULL, Object(Config\Cache), false)
#9 C:\xampp\htdocs\lead\system\Boot.php(363): CodeIgniter\CodeIgniter->run()
#10 C:\xampp\htdocs\lead\system\Boot.php(68): CodeIgniter\Boot::runCodeIgniter(Object(CodeIgniter\CodeIgniter))
#11 C:\xampp\htdocs\lead\index.php(59): CodeIgniter\Boot::bootWeb(Object(Config\Paths))
#12 {main}

Next CodeIgniter\Database\Exceptions\DatabaseException: Access denied for user '****'@'localhost' (using password: NO) in C:\xampp\htdocs\lead\system\Database\MySQLi\Connection.php:246
Stack trace:
#0 C:\xampp\htdocs\lead\system\Database\BaseConnection.php(419): CodeIgniter\Database\MySQLi\Connection->connect(false)
#1 C:\xampp\htdocs\lead\system\Database\BaseConnection.php(614): CodeIgniter\Database\BaseConnection->initialize()
#2 C:\xampp\htdocs\lead\system\Database\BaseBuilder.php(1649): CodeIgniter\Database\BaseConnection->query('SELECT *\nFROM `...', Array, false)
#3 C:\xampp\htdocs\lead\app\Models\Mymodel.php(38): CodeIgniter\Database\BaseBuilder->get()
#4 C:\xampp\htdocs\lead\app\Controllers\Home.php(9): App\Models\Mymodel->select_data('lead_master')
#5 C:\xampp\htdocs\lead\system\CodeIgniter.php(933): App\Controllers\Home->index()
#6 C:\xampp\htdocs\lead\system\CodeIgniter.php(507): CodeIgniter\CodeIgniter->runController(Object(App\Controllers\Home))
#7 C:\xampp\htdocs\lead\system\CodeIgniter.php(354): CodeIgniter\CodeIgniter->handleRequest(NULL, Object(Config\Cache), false)
#8 C:\xampp\htdocs\lead\system\Boot.php(363): CodeIgniter\CodeIgniter->run()
#9 C:\xampp\htdocs\lead\system\Boot.php(68): CodeIgniter\Boot::runCodeIgniter(Object(CodeIgniter\CodeIgniter))
#10 C:\xampp\htdocs\lead\index.php(59): CodeIgniter\Boot::bootWeb(Object(Config\Paths))
#11 {main}
CRITICAL - 2026-05-10 12:48:32 --> CodeIgniter\Database\Exceptions\DatabaseException: Unable to connect to the database.
Main connection [MySQLi]: Access denied for user '****'@'localhost' (using password: NO)
[Method: GET, Route: /]
in SYSTEMPATH\Database\BaseConnection.php on line 465.
 1 SYSTEMPATH\Database\BaseConnection.php(614): CodeIgniter\Database\BaseConnection->initialize()
 2 SYSTEMPATH\Database\BaseBuilder.php(1649): CodeIgniter\Database\BaseConnection->query('SELECT *
FROM `lds_lead_master`
ORDER BY `id` DESC', [], false)
 3 APPPATH\Models\Mymodel.php(38): CodeIgniter\Database\BaseBuilder->get()
 4 APPPATH\Controllers\Home.php(9): App\Models\Mymodel->select_data('lead_master')
 5 SYSTEMPATH\CodeIgniter.php(933): App\Controllers\Home->index()
 6 SYSTEMPATH\CodeIgniter.php(507): CodeIgniter\CodeIgniter->runController(Object(App\Controllers\Home))
 7 SYSTEMPATH\CodeIgniter.php(354): CodeIgniter\CodeIgniter->handleRequest(null, Object(Config\Cache), false)
 8 SYSTEMPATH\Boot.php(363): CodeIgniter\CodeIgniter->run()
 9 SYSTEMPATH\Boot.php(68): CodeIgniter\Boot::runCodeIgniter(Object(CodeIgniter\CodeIgniter))
10 FCPATH\index.php(59): CodeIgniter\Boot::bootWeb(Object(Config\Paths))
DEBUG - 2026-05-10 12:48:41 --> Session: Class initialized using 'CodeIgniter\Session\Handlers\FileHandler' driver.
WARNING - 2026-05-10 12:48:41 --> [DEPRECATED] Creation of dynamic property App\Controllers\Home::$db is deprecated in APPPATH\Controllers\BaseController.php on line 41.
 1 SYSTEMPATH\CodeIgniter.php(904): App\Controllers\BaseController->initController(Object(CodeIgniter\HTTP\IncomingRequest), Object(CodeIgniter\HTTP\Response), Object(CodeIgniter\Log\Logger))
 2 SYSTEMPATH\CodeIgniter.php(498): CodeIgniter\CodeIgniter->createController()
 3 SYSTEMPATH\CodeIgniter.php(354): CodeIgniter\CodeIgniter->handleRequest(null, Object(Config\Cache), false)
 4 SYSTEMPATH\Boot.php(363): CodeIgniter\CodeIgniter->run()
 5 SYSTEMPATH\Boot.php(68): CodeIgniter\Boot::runCodeIgniter(Object(CodeIgniter\CodeIgniter))
 6 FCPATH\index.php(59): CodeIgniter\Boot::bootWeb(Object(Config\Paths))
WARNING - 2026-05-10 12:48:41 --> [DEPRECATED] Creation of dynamic property App\Controllers\Home::$mymodel is deprecated in APPPATH\Controllers\BaseController.php on line 42.
 1 SYSTEMPATH\CodeIgniter.php(904): App\Controllers\BaseController->initController(Object(CodeIgniter\HTTP\IncomingRequest), Object(CodeIgniter\HTTP\Response), Object(CodeIgniter\Log\Logger))
 2 SYSTEMPATH\CodeIgniter.php(498): CodeIgniter\CodeIgniter->createController()
 3 SYSTEMPATH\CodeIgniter.php(354): CodeIgniter\CodeIgniter->handleRequest(null, Object(Config\Cache), false)
 4 SYSTEMPATH\Boot.php(363): CodeIgniter\CodeIgniter->run()
 5 SYSTEMPATH\Boot.php(68): CodeIgniter\Boot::runCodeIgniter(Object(CodeIgniter\CodeIgniter))
 6 FCPATH\index.php(59): CodeIgniter\Boot::bootWeb(Object(Config\Paths))
WARNING - 2026-05-10 12:48:41 --> [DEPRECATED] Creation of dynamic property App\Controllers\Home::$session is deprecated in APPPATH\Controllers\BaseController.php on line 46.
 1 SYSTEMPATH\CodeIgniter.php(904): App\Controllers\BaseController->initController(Object(CodeIgniter\HTTP\IncomingRequest), Object(CodeIgniter\HTTP\Response), Object(CodeIgniter\Log\Logger))
 2 SYSTEMPATH\CodeIgniter.php(498): CodeIgniter\CodeIgniter->createController()
 3 SYSTEMPATH\CodeIgniter.php(354): CodeIgniter\CodeIgniter->handleRequest(null, Object(Config\Cache), false)
 4 SYSTEMPATH\Boot.php(363): CodeIgniter\CodeIgniter->run()
 5 SYSTEMPATH\Boot.php(68): CodeIgniter\Boot::runCodeIgniter(Object(CodeIgniter\CodeIgniter))
 6 FCPATH\index.php(59): CodeIgniter\Boot::bootWeb(Object(Config\Paths))
ERROR - 2026-05-10 12:48:41 --> Error connecting to the database: mysqli_sql_exception: Access denied for user 'root'@'localhost' (using password: NO) in C:\xampp\htdocs\lead\system\Database\MySQLi\Connection.php:201
Stack trace:
#0 C:\xampp\htdocs\lead\system\Database\MySQLi\Connection.php(201): mysqli->real_connect('localhost', 'root', Object(SensitiveParameterValue), 'lead', 3306, '', 0)
#1 C:\xampp\htdocs\lead\system\Database\BaseConnection.php(419): CodeIgniter\Database\MySQLi\Connection->connect(false)
#2 C:\xampp\htdocs\lead\system\Database\BaseConnection.php(614): CodeIgniter\Database\BaseConnection->initialize()
#3 C:\xampp\htdocs\lead\system\Database\BaseBuilder.php(1649): CodeIgniter\Database\BaseConnection->query('SELECT *\nFROM `...', Array, false)
#4 C:\xampp\htdocs\lead\app\Models\Mymodel.php(38): CodeIgniter\Database\BaseBuilder->get()
#5 C:\xampp\htdocs\lead\app\Controllers\Home.php(9): App\Models\Mymodel->select_data('lead_master')
#6 C:\xampp\htdocs\lead\system\CodeIgniter.php(933): App\Controllers\Home->index()
#7 C:\xampp\htdocs\lead\system\CodeIgniter.php(507): CodeIgniter\CodeIgniter->runController(Object(App\Controllers\Home))
#8 C:\xampp\htdocs\lead\system\CodeIgniter.php(354): CodeIgniter\CodeIgniter->handleRequest(NULL, Object(Config\Cache), false)
#9 C:\xampp\htdocs\lead\system\Boot.php(363): CodeIgniter\CodeIgniter->run()
#10 C:\xampp\htdocs\lead\system\Boot.php(68): CodeIgniter\Boot::runCodeIgniter(Object(CodeIgniter\CodeIgniter))
#11 C:\xampp\htdocs\lead\index.php(59): CodeIgniter\Boot::bootWeb(Object(Config\Paths))
#12 {main}

Next CodeIgniter\Database\Exceptions\DatabaseException: Access denied for user '****'@'localhost' (using password: NO) in C:\xampp\htdocs\lead\system\Database\MySQLi\Connection.php:246
Stack trace:
#0 C:\xampp\htdocs\lead\system\Database\BaseConnection.php(419): CodeIgniter\Database\MySQLi\Connection->connect(false)
#1 C:\xampp\htdocs\lead\system\Database\BaseConnection.php(614): CodeIgniter\Database\BaseConnection->initialize()
#2 C:\xampp\htdocs\lead\system\Database\BaseBuilder.php(1649): CodeIgniter\Database\BaseConnection->query('SELECT *\nFROM `...', Array, false)
#3 C:\xampp\htdocs\lead\app\Models\Mymodel.php(38): CodeIgniter\Database\BaseBuilder->get()
#4 C:\xampp\htdocs\lead\app\Controllers\Home.php(9): App\Models\Mymodel->select_data('lead_master')
#5 C:\xampp\htdocs\lead\system\CodeIgniter.php(933): App\Controllers\Home->index()
#6 C:\xampp\htdocs\lead\system\CodeIgniter.php(507): CodeIgniter\CodeIgniter->runController(Object(App\Controllers\Home))
#7 C:\xampp\htdocs\lead\system\CodeIgniter.php(354): CodeIgniter\CodeIgniter->handleRequest(NULL, Object(Config\Cache), false)
#8 C:\xampp\htdocs\lead\system\Boot.php(363): CodeIgniter\CodeIgniter->run()
#9 C:\xampp\htdocs\lead\system\Boot.php(68): CodeIgniter\Boot::runCodeIgniter(Object(CodeIgniter\CodeIgniter))
#10 C:\xampp\htdocs\lead\index.php(59): CodeIgniter\Boot::bootWeb(Object(Config\Paths))
#11 {main}
CRITICAL - 2026-05-10 12:48:41 --> CodeIgniter\Database\Exceptions\DatabaseException: Unable to connect to the database.
Main connection [MySQLi]: Access denied for user '****'@'localhost' (using password: NO)
[Method: GET, Route: /]
in SYSTEMPATH\Database\BaseConnection.php on line 465.
 1 SYSTEMPATH\Database\BaseConnection.php(614): CodeIgniter\Database\BaseConnection->initialize()
 2 SYSTEMPATH\Database\BaseBuilder.php(1649): CodeIgniter\Database\BaseConnection->query('SELECT *
FROM `lds_lead_master`
ORDER BY `id` DESC', [], false)
 3 APPPATH\Models\Mymodel.php(38): CodeIgniter\Database\BaseBuilder->get()
 4 APPPATH\Controllers\Home.php(9): App\Models\Mymodel->select_data('lead_master')
 5 SYSTEMPATH\CodeIgniter.php(933): App\Controllers\Home->index()
 6 SYSTEMPATH\CodeIgniter.php(507): CodeIgniter\CodeIgniter->runController(Object(App\Controllers\Home))
 7 SYSTEMPATH\CodeIgniter.php(354): CodeIgniter\CodeIgniter->handleRequest(null, Object(Config\Cache), false)
 8 SYSTEMPATH\Boot.php(363): CodeIgniter\CodeIgniter->run()
 9 SYSTEMPATH\Boot.php(68): CodeIgniter\Boot::runCodeIgniter(Object(CodeIgniter\CodeIgniter))
10 FCPATH\index.php(59): CodeIgniter\Boot::bootWeb(Object(Config\Paths))
DEBUG - 2026-05-10 12:48:47 --> Session: Class initialized using 'CodeIgniter\Session\Handlers\FileHandler' driver.
WARNING - 2026-05-10 12:48:47 --> [DEPRECATED] Creation of dynamic property App\Controllers\Home::$db is deprecated in APPPATH\Controllers\BaseController.php on line 41.
 1 SYSTEMPATH\CodeIgniter.php(904): App\Controllers\BaseController->initController(Object(CodeIgniter\HTTP\IncomingRequest), Object(CodeIgniter\HTTP\Response), Object(CodeIgniter\Log\Logger))
 2 SYSTEMPATH\CodeIgniter.php(498): CodeIgniter\CodeIgniter->createController()
 3 SYSTEMPATH\CodeIgniter.php(354): CodeIgniter\CodeIgniter->handleRequest(null, Object(Config\Cache), false)
 4 SYSTEMPATH\Boot.php(363): CodeIgniter\CodeIgniter->run()
 5 SYSTEMPATH\Boot.php(68): CodeIgniter\Boot::runCodeIgniter(Object(CodeIgniter\CodeIgniter))
 6 FCPATH\index.php(59): CodeIgniter\Boot::bootWeb(Object(Config\Paths))
WARNING - 2026-05-10 12:48:47 --> [DEPRECATED] Creation of dynamic property App\Controllers\Home::$mymodel is deprecated in APPPATH\Controllers\BaseController.php on line 42.
 1 SYSTEMPATH\CodeIgniter.php(904): App\Controllers\BaseController->initController(Object(CodeIgniter\HTTP\IncomingRequest), Object(CodeIgniter\HTTP\Response), Object(CodeIgniter\Log\Logger))
 2 SYSTEMPATH\CodeIgniter.php(498): CodeIgniter\CodeIgniter->createController()
 3 SYSTEMPATH\CodeIgniter.php(354): CodeIgniter\CodeIgniter->handleRequest(null, Object(Config\Cache), false)
 4 SYSTEMPATH\Boot.php(363): CodeIgniter\CodeIgniter->run()
 5 SYSTEMPATH\Boot.php(68): CodeIgniter\Boot::runCodeIgniter(Object(CodeIgniter\CodeIgniter))
 6 FCPATH\index.php(59): CodeIgniter\Boot::bootWeb(Object(Config\Paths))
WARNING - 2026-05-10 12:48:47 --> [DEPRECATED] Creation of dynamic property App\Controllers\Home::$session is deprecated in APPPATH\Controllers\BaseController.php on line 46.
 1 SYSTEMPATH\CodeIgniter.php(904): App\Controllers\BaseController->initController(Object(CodeIgniter\HTTP\IncomingRequest), Object(CodeIgniter\HTTP\Response), Object(CodeIgniter\Log\Logger))
 2 SYSTEMPATH\CodeIgniter.php(498): CodeIgniter\CodeIgniter->createController()
 3 SYSTEMPATH\CodeIgniter.php(354): CodeIgniter\CodeIgniter->handleRequest(null, Object(Config\Cache), false)
 4 SYSTEMPATH\Boot.php(363): CodeIgniter\CodeIgniter->run()
 5 SYSTEMPATH\Boot.php(68): CodeIgniter\Boot::runCodeIgniter(Object(CodeIgniter\CodeIgniter))
 6 FCPATH\index.php(59): CodeIgniter\Boot::bootWeb(Object(Config\Paths))
ERROR - 2026-05-10 12:48:47 --> Error connecting to the database: mysqli_sql_exception: Access denied for user 'root'@'localhost' (using password: NO) in C:\xampp\htdocs\lead\system\Database\MySQLi\Connection.php:201
Stack trace:
#0 C:\xampp\htdocs\lead\system\Database\MySQLi\Connection.php(201): mysqli->real_connect('localhost', 'root', Object(SensitiveParameterValue), 'lead', 3306, '', 0)
#1 C:\xampp\htdocs\lead\system\Database\BaseConnection.php(419): CodeIgniter\Database\MySQLi\Connection->connect(false)
#2 C:\xampp\htdocs\lead\system\Database\BaseConnection.php(614): CodeIgniter\Database\BaseConnection->initialize()
#3 C:\xampp\htdocs\lead\system\Database\BaseBuilder.php(1649): CodeIgniter\Database\BaseConnection->query('SELECT *\nFROM `...', Array, false)
#4 C:\xampp\htdocs\lead\app\Models\Mymodel.php(38): CodeIgniter\Database\BaseBuilder->get()
#5 C:\xampp\htdocs\lead\app\Controllers\Home.php(9): App\Models\Mymodel->select_data('lead_master')
#6 C:\xampp\htdocs\lead\system\CodeIgniter.php(933): App\Controllers\Home->index()
#7 C:\xampp\htdocs\lead\system\CodeIgniter.php(507): CodeIgniter\CodeIgniter->runController(Object(App\Controllers\Home))
#8 C:\xampp\htdocs\lead\system\CodeIgniter.php(354): CodeIgniter\CodeIgniter->handleRequest(NULL, Object(Config\Cache), false)
#9 C:\xampp\htdocs\lead\system\Boot.php(363): CodeIgniter\CodeIgniter->run()
#10 C:\xampp\htdocs\lead\system\Boot.php(68): CodeIgniter\Boot::runCodeIgniter(Object(CodeIgniter\CodeIgniter))
#11 C:\xampp\htdocs\lead\index.php(59): CodeIgniter\Boot::bootWeb(Object(Config\Paths))
#12 {main}

Next CodeIgniter\Database\Exceptions\DatabaseException: Access denied for user '****'@'localhost' (using password: NO) in C:\xampp\htdocs\lead\system\Database\MySQLi\Connection.php:246
Stack trace:
#0 C:\xampp\htdocs\lead\system\Database\BaseConnection.php(419): CodeIgniter\Database\MySQLi\Connection->connect(false)
#1 C:\xampp\htdocs\lead\system\Database\BaseConnection.php(614): CodeIgniter\Database\BaseConnection->initialize()
#2 C:\xampp\htdocs\lead\system\Database\BaseBuilder.php(1649): CodeIgniter\Database\BaseConnection->query('SELECT *\nFROM `...', Array, false)
#3 C:\xampp\htdocs\lead\app\Models\Mymodel.php(38): CodeIgniter\Database\BaseBuilder->get()
#4 C:\xampp\htdocs\lead\app\Controllers\Home.php(9): App\Models\Mymodel->select_data('lead_master')
#5 C:\xampp\htdocs\lead\system\CodeIgniter.php(933): App\Controllers\Home->index()
#6 C:\xampp\htdocs\lead\system\CodeIgniter.php(507): CodeIgniter\CodeIgniter->runController(Object(App\Controllers\Home))
#7 C:\xampp\htdocs\lead\system\CodeIgniter.php(354): CodeIgniter\CodeIgniter->handleRequest(NULL, Object(Config\Cache), false)
#8 C:\xampp\htdocs\lead\system\Boot.php(363): CodeIgniter\CodeIgniter->run()
#9 C:\xampp\htdocs\lead\system\Boot.php(68): CodeIgniter\Boot::runCodeIgniter(Object(CodeIgniter\CodeIgniter))
#10 C:\xampp\htdocs\lead\index.php(59): CodeIgniter\Boot::bootWeb(Object(Config\Paths))
#11 {main}
CRITICAL - 2026-05-10 12:48:47 --> CodeIgniter\Database\Exceptions\DatabaseException: Unable to connect to the database.
Main connection [MySQLi]: Access denied for user '****'@'localhost' (using password: NO)
[Method: GET, Route: /]
in SYSTEMPATH\Database\BaseConnection.php on line 465.
 1 SYSTEMPATH\Database\BaseConnection.php(614): CodeIgniter\Database\BaseConnection->initialize()
 2 SYSTEMPATH\Database\BaseBuilder.php(1649): CodeIgniter\Database\BaseConnection->query('SELECT *
FROM `lds_lead_master`
ORDER BY `id` DESC', [], false)
 3 APPPATH\Models\Mymodel.php(38): CodeIgniter\Database\BaseBuilder->get()
 4 APPPATH\Controllers\Home.php(9): App\Models\Mymodel->select_data('lead_master')
 5 SYSTEMPATH\CodeIgniter.php(933): App\Controllers\Home->index()
 6 SYSTEMPATH\CodeIgniter.php(507): CodeIgniter\CodeIgniter->runController(Object(App\Controllers\Home))
 7 SYSTEMPATH\CodeIgniter.php(354): CodeIgniter\CodeIgniter->handleRequest(null, Object(Config\Cache), false)
 8 SYSTEMPATH\Boot.php(363): CodeIgniter\CodeIgniter->run()
 9 SYSTEMPATH\Boot.php(68): CodeIgniter\Boot::runCodeIgniter(Object(CodeIgniter\CodeIgniter))
10 FCPATH\index.php(59): CodeIgniter\Boot::bootWeb(Object(Config\Paths))
DEBUG - 2026-05-10 12:49:02 --> Session: Class initialized using 'CodeIgniter\Session\Handlers\FileHandler' driver.
WARNING - 2026-05-10 12:49:02 --> [DEPRECATED] Creation of dynamic property App\Controllers\Home::$db is deprecated in APPPATH\Controllers\BaseController.php on line 41.
 1 SYSTEMPATH\CodeIgniter.php(904): App\Controllers\BaseController->initController(Object(CodeIgniter\HTTP\IncomingRequest), Object(CodeIgniter\HTTP\Response), Object(CodeIgniter\Log\Logger))
 2 SYSTEMPATH\CodeIgniter.php(498): CodeIgniter\CodeIgniter->createController()
 3 SYSTEMPATH\CodeIgniter.php(354): CodeIgniter\CodeIgniter->handleRequest(null, Object(Config\Cache), false)
 4 SYSTEMPATH\Boot.php(363): CodeIgniter\CodeIgniter->run()
 5 SYSTEMPATH\Boot.php(68): CodeIgniter\Boot::runCodeIgniter(Object(CodeIgniter\CodeIgniter))
 6 FCPATH\index.php(59): CodeIgniter\Boot::bootWeb(Object(Config\Paths))
WARNING - 2026-05-10 12:49:02 --> [DEPRECATED] Creation of dynamic property App\Controllers\Home::$mymodel is deprecated in APPPATH\Controllers\BaseController.php on line 42.
 1 SYSTEMPATH\CodeIgniter.php(904): App\Controllers\BaseController->initController(Object(CodeIgniter\HTTP\IncomingRequest), Object(CodeIgniter\HTTP\Response), Object(CodeIgniter\Log\Logger))
 2 SYSTEMPATH\CodeIgniter.php(498): CodeIgniter\CodeIgniter->createController()
 3 SYSTEMPATH\CodeIgniter.php(354): CodeIgniter\CodeIgniter->handleRequest(null, Object(Config\Cache), false)
 4 SYSTEMPATH\Boot.php(363): CodeIgniter\CodeIgniter->run()
 5 SYSTEMPATH\Boot.php(68): CodeIgniter\Boot::runCodeIgniter(Object(CodeIgniter\CodeIgniter))
 6 FCPATH\index.php(59): CodeIgniter\Boot::bootWeb(Object(Config\Paths))
WARNING - 2026-05-10 12:49:02 --> [DEPRECATED] Creation of dynamic property App\Controllers\Home::$session is deprecated in APPPATH\Controllers\BaseController.php on line 46.
 1 SYSTEMPATH\CodeIgniter.php(904): App\Controllers\BaseController->initController(Object(CodeIgniter\HTTP\IncomingRequest), Object(CodeIgniter\HTTP\Response), Object(CodeIgniter\Log\Logger))
 2 SYSTEMPATH\CodeIgniter.php(498): CodeIgniter\CodeIgniter->createController()
 3 SYSTEMPATH\CodeIgniter.php(354): CodeIgniter\CodeIgniter->handleRequest(null, Object(Config\Cache), false)
 4 SYSTEMPATH\Boot.php(363): CodeIgniter\CodeIgniter->run()
 5 SYSTEMPATH\Boot.php(68): CodeIgniter\Boot::runCodeIgniter(Object(CodeIgniter\CodeIgniter))
 6 FCPATH\index.php(59): CodeIgniter\Boot::bootWeb(Object(Config\Paths))
ERROR - 2026-05-10 12:49:02 --> Error connecting to the database: mysqli_sql_exception: Access denied for user 'root'@'localhost' (using password: NO) in C:\xampp\htdocs\lead\system\Database\MySQLi\Connection.php:201
Stack trace:
#0 C:\xampp\htdocs\lead\system\Database\MySQLi\Connection.php(201): mysqli->real_connect('localhost', 'root', Object(SensitiveParameterValue), 'lead', 3306, '', 0)
#1 C:\xampp\htdocs\lead\system\Database\BaseConnection.php(419): CodeIgniter\Database\MySQLi\Connection->connect(false)
#2 C:\xampp\htdocs\lead\system\Database\BaseConnection.php(614): CodeIgniter\Database\BaseConnection->initialize()
#3 C:\xampp\htdocs\lead\system\Database\BaseBuilder.php(1649): CodeIgniter\Database\BaseConnection->query('SELECT *\nFROM `...', Array, false)
#4 C:\xampp\htdocs\lead\app\Models\Mymodel.php(38): CodeIgniter\Database\BaseBuilder->get()
#5 C:\xampp\htdocs\lead\app\Controllers\Home.php(9): App\Models\Mymodel->select_data('lead_master')
#6 C:\xampp\htdocs\lead\system\CodeIgniter.php(933): App\Controllers\Home->index()
#7 C:\xampp\htdocs\lead\system\CodeIgniter.php(507): CodeIgniter\CodeIgniter->runController(Object(App\Controllers\Home))
#8 C:\xampp\htdocs\lead\system\CodeIgniter.php(354): CodeIgniter\CodeIgniter->handleRequest(NULL, Object(Config\Cache), false)
#9 C:\xampp\htdocs\lead\system\Boot.php(363): CodeIgniter\CodeIgniter->run()
#10 C:\xampp\htdocs\lead\system\Boot.php(68): CodeIgniter\Boot::runCodeIgniter(Object(CodeIgniter\CodeIgniter))
#11 C:\xampp\htdocs\lead\index.php(59): CodeIgniter\Boot::bootWeb(Object(Config\Paths))
#12 {main}

Next CodeIgniter\Database\Exceptions\DatabaseException: Access denied for user '****'@'localhost' (using password: NO) in C:\xampp\htdocs\lead\system\Database\MySQLi\Connection.php:246
Stack trace:
#0 C:\xampp\htdocs\lead\system\Database\BaseConnection.php(419): CodeIgniter\Database\MySQLi\Connection->connect(false)
#1 C:\xampp\htdocs\lead\system\Database\BaseConnection.php(614): CodeIgniter\Database\BaseConnection->initialize()
#2 C:\xampp\htdocs\lead\system\Database\BaseBuilder.php(1649): CodeIgniter\Database\BaseConnection->query('SELECT *\nFROM `...', Array, false)
#3 C:\xampp\htdocs\lead\app\Models\Mymodel.php(38): CodeIgniter\Database\BaseBuilder->get()
#4 C:\xampp\htdocs\lead\app\Controllers\Home.php(9): App\Models\Mymodel->select_data('lead_master')
#5 C:\xampp\htdocs\lead\system\CodeIgniter.php(933): App\Controllers\Home->index()
#6 C:\xampp\htdocs\lead\system\CodeIgniter.php(507): CodeIgniter\CodeIgniter->runController(Object(App\Controllers\Home))
#7 C:\xampp\htdocs\lead\system\CodeIgniter.php(354): CodeIgniter\CodeIgniter->handleRequest(NULL, Object(Config\Cache), false)
#8 C:\xampp\htdocs\lead\system\Boot.php(363): CodeIgniter\CodeIgniter->run()
#9 C:\xampp\htdocs\lead\system\Boot.php(68): CodeIgniter\Boot::runCodeIgniter(Object(CodeIgniter\CodeIgniter))
#10 C:\xampp\htdocs\lead\index.php(59): CodeIgniter\Boot::bootWeb(Object(Config\Paths))
#11 {main}
CRITICAL - 2026-05-10 12:49:02 --> CodeIgniter\Database\Exceptions\DatabaseException: Unable to connect to the database.
Main connection [MySQLi]: Access denied for user '****'@'localhost' (using password: NO)
[Method: GET, Route: /]
in SYSTEMPATH\Database\BaseConnection.php on line 465.
 1 SYSTEMPATH\Database\BaseConnection.php(614): CodeIgniter\Database\BaseConnection->initialize()
 2 SYSTEMPATH\Database\BaseBuilder.php(1649): CodeIgniter\Database\BaseConnection->query('SELECT *
FROM `lds_lead_master`
ORDER BY `id` DESC', [], false)
 3 APPPATH\Models\Mymodel.php(38): CodeIgniter\Database\BaseBuilder->get()
 4 APPPATH\Controllers\Home.php(9): App\Models\Mymodel->select_data('lead_master')
 5 SYSTEMPATH\CodeIgniter.php(933): App\Controllers\Home->index()
 6 SYSTEMPATH\CodeIgniter.php(507): CodeIgniter\CodeIgniter->runController(Object(App\Controllers\Home))
 7 SYSTEMPATH\CodeIgniter.php(354): CodeIgniter\CodeIgniter->handleRequest(null, Object(Config\Cache), false)
 8 SYSTEMPATH\Boot.php(363): CodeIgniter\CodeIgniter->run()
 9 SYSTEMPATH\Boot.php(68): CodeIgniter\Boot::runCodeIgniter(Object(CodeIgniter\CodeIgniter))
10 FCPATH\index.php(59): CodeIgniter\Boot::bootWeb(Object(Config\Paths))
DEBUG - 2026-05-10 12:49:55 --> Session: Class initialized using 'CodeIgniter\Session\Handlers\FileHandler' driver.
WARNING - 2026-05-10 12:49:55 --> [DEPRECATED] Creation of dynamic property App\Controllers\Home::$db is deprecated in APPPATH\Controllers\BaseController.php on line 41.
 1 SYSTEMPATH\CodeIgniter.php(904): App\Controllers\BaseController->initController(Object(CodeIgniter\HTTP\IncomingRequest), Object(CodeIgniter\HTTP\Response), Object(CodeIgniter\Log\Logger))
 2 SYSTEMPATH\CodeIgniter.php(498): CodeIgniter\CodeIgniter->createController()
 3 SYSTEMPATH\CodeIgniter.php(354): CodeIgniter\CodeIgniter->handleRequest(null, Object(Config\Cache), false)
 4 SYSTEMPATH\Boot.php(363): CodeIgniter\CodeIgniter->run()
 5 SYSTEMPATH\Boot.php(68): CodeIgniter\Boot::runCodeIgniter(Object(CodeIgniter\CodeIgniter))
 6 FCPATH\index.php(59): CodeIgniter\Boot::bootWeb(Object(Config\Paths))
WARNING - 2026-05-10 12:49:55 --> [DEPRECATED] Creation of dynamic property App\Controllers\Home::$mymodel is deprecated in APPPATH\Controllers\BaseController.php on line 42.
 1 SYSTEMPATH\CodeIgniter.php(904): App\Controllers\BaseController->initController(Object(CodeIgniter\HTTP\IncomingRequest), Object(CodeIgniter\HTTP\Response), Object(CodeIgniter\Log\Logger))
 2 SYSTEMPATH\CodeIgniter.php(498): CodeIgniter\CodeIgniter->createController()
 3 SYSTEMPATH\CodeIgniter.php(354): CodeIgniter\CodeIgniter->handleRequest(null, Object(Config\Cache), false)
 4 SYSTEMPATH\Boot.php(363): CodeIgniter\CodeIgniter->run()
 5 SYSTEMPATH\Boot.php(68): CodeIgniter\Boot::runCodeIgniter(Object(CodeIgniter\CodeIgniter))
 6 FCPATH\index.php(59): CodeIgniter\Boot::bootWeb(Object(Config\Paths))
WARNING - 2026-05-10 12:49:55 --> [DEPRECATED] Creation of dynamic property App\Controllers\Home::$session is deprecated in APPPATH\Controllers\BaseController.php on line 46.
 1 SYSTEMPATH\CodeIgniter.php(904): App\Controllers\BaseController->initController(Object(CodeIgniter\HTTP\IncomingRequest), Object(CodeIgniter\HTTP\Response), Object(CodeIgniter\Log\Logger))
 2 SYSTEMPATH\CodeIgniter.php(498): CodeIgniter\CodeIgniter->createController()
 3 SYSTEMPATH\CodeIgniter.php(354): CodeIgniter\CodeIgniter->handleRequest(null, Object(Config\Cache), false)
 4 SYSTEMPATH\Boot.php(363): CodeIgniter\CodeIgniter->run()
 5 SYSTEMPATH\Boot.php(68): CodeIgniter\Boot::runCodeIgniter(Object(CodeIgniter\CodeIgniter))
 6 FCPATH\index.php(59): CodeIgniter\Boot::bootWeb(Object(Config\Paths))
ERROR - 2026-05-10 12:49:55 --> Error connecting to the database: mysqli_sql_exception: Access denied for user 'root'@'localhost' (using password: NO) in C:\xampp\htdocs\lead\system\Database\MySQLi\Connection.php:201
Stack trace:
#0 C:\xampp\htdocs\lead\system\Database\MySQLi\Connection.php(201): mysqli->real_connect('localhost', 'root', Object(SensitiveParameterValue), 'lead', 3306, '', 0)
#1 C:\xampp\htdocs\lead\system\Database\BaseConnection.php(419): CodeIgniter\Database\MySQLi\Connection->connect(false)
#2 C:\xampp\htdocs\lead\system\Database\BaseConnection.php(614): CodeIgniter\Database\BaseConnection->initialize()
#3 C:\xampp\htdocs\lead\system\Database\BaseBuilder.php(1649): CodeIgniter\Database\BaseConnection->query('SELECT *\nFROM `...', Array, false)
#4 C:\xampp\htdocs\lead\app\Models\Mymodel.php(38): CodeIgniter\Database\BaseBuilder->get()
#5 C:\xampp\htdocs\lead\app\Controllers\Home.php(9): App\Models\Mymodel->select_data('lead_master')
#6 C:\xampp\htdocs\lead\system\CodeIgniter.php(933): App\Controllers\Home->index()
#7 C:\xampp\htdocs\lead\system\CodeIgniter.php(507): CodeIgniter\CodeIgniter->runController(Object(App\Controllers\Home))
#8 C:\xampp\htdocs\lead\system\CodeIgniter.php(354): CodeIgniter\CodeIgniter->handleRequest(NULL, Object(Config\Cache), false)
#9 C:\xampp\htdocs\lead\system\Boot.php(363): CodeIgniter\CodeIgniter->run()
#10 C:\xampp\htdocs\lead\system\Boot.php(68): CodeIgniter\Boot::runCodeIgniter(Object(CodeIgniter\CodeIgniter))
#11 C:\xampp\htdocs\lead\index.php(59): CodeIgniter\Boot::bootWeb(Object(Config\Paths))
#12 {main}

Next CodeIgniter\Database\Exceptions\DatabaseException: Access denied for user '****'@'localhost' (using password: NO) in C:\xampp\htdocs\lead\system\Database\MySQLi\Connection.php:246
Stack trace:
#0 C:\xampp\htdocs\lead\system\Database\BaseConnection.php(419): CodeIgniter\Database\MySQLi\Connection->connect(false)
#1 C:\xampp\htdocs\lead\system\Database\BaseConnection.php(614): CodeIgniter\Database\BaseConnection->initialize()
#2 C:\xampp\htdocs\lead\system\Database\BaseBuilder.php(1649): CodeIgniter\Database\BaseConnection->query('SELECT *\nFROM `...', Array, false)
#3 C:\xampp\htdocs\lead\app\Models\Mymodel.php(38): CodeIgniter\Database\BaseBuilder->get()
#4 C:\xampp\htdocs\lead\app\Controllers\Home.php(9): App\Models\Mymodel->select_data('lead_master')
#5 C:\xampp\htdocs\lead\system\CodeIgniter.php(933): App\Controllers\Home->index()
#6 C:\xampp\htdocs\lead\system\CodeIgniter.php(507): CodeIgniter\CodeIgniter->runController(Object(App\Controllers\Home))
#7 C:\xampp\htdocs\lead\system\CodeIgniter.php(354): CodeIgniter\CodeIgniter->handleRequest(NULL, Object(Config\Cache), false)
#8 C:\xampp\htdocs\lead\system\Boot.php(363): CodeIgniter\CodeIgniter->run()
#9 C:\xampp\htdocs\lead\system\Boot.php(68): CodeIgniter\Boot::runCodeIgniter(Object(CodeIgniter\CodeIgniter))
#10 C:\xampp\htdocs\lead\index.php(59): CodeIgniter\Boot::bootWeb(Object(Config\Paths))
#11 {main}
CRITICAL - 2026-05-10 12:49:55 --> CodeIgniter\Database\Exceptions\DatabaseException: Unable to connect to the database.
Main connection [MySQLi]: Access denied for user '****'@'localhost' (using password: NO)
[Method: GET, Route: /]
in SYSTEMPATH\Database\BaseConnection.php on line 465.
 1 SYSTEMPATH\Database\BaseConnection.php(614): CodeIgniter\Database\BaseConnection->initialize()
 2 SYSTEMPATH\Database\BaseBuilder.php(1649): CodeIgniter\Database\BaseConnection->query('SELECT *
FROM `lds_lead_master`
ORDER BY `id` DESC', [], false)
 3 APPPATH\Models\Mymodel.php(38): CodeIgniter\Database\BaseBuilder->get()
 4 APPPATH\Controllers\Home.php(9): App\Models\Mymodel->select_data('lead_master')
 5 SYSTEMPATH\CodeIgniter.php(933): App\Controllers\Home->index()
 6 SYSTEMPATH\CodeIgniter.php(507): CodeIgniter\CodeIgniter->runController(Object(App\Controllers\Home))
 7 SYSTEMPATH\CodeIgniter.php(354): CodeIgniter\CodeIgniter->handleRequest(null, Object(Config\Cache), false)
 8 SYSTEMPATH\Boot.php(363): CodeIgniter\CodeIgniter->run()
 9 SYSTEMPATH\Boot.php(68): CodeIgniter\Boot::runCodeIgniter(Object(CodeIgniter\CodeIgniter))
10 FCPATH\index.php(59): CodeIgniter\Boot::bootWeb(Object(Config\Paths))
DEBUG - 2026-05-10 12:49:58 --> Session: Class initialized using 'CodeIgniter\Session\Handlers\FileHandler' driver.
WARNING - 2026-05-10 12:49:58 --> [DEPRECATED] Creation of dynamic property App\Controllers\Home::$db is deprecated in APPPATH\Controllers\BaseController.php on line 41.
 1 SYSTEMPATH\CodeIgniter.php(904): App\Controllers\BaseController->initController(Object(CodeIgniter\HTTP\IncomingRequest), Object(CodeIgniter\HTTP\Response), Object(CodeIgniter\Log\Logger))
 2 SYSTEMPATH\CodeIgniter.php(498): CodeIgniter\CodeIgniter->createController()
 3 SYSTEMPATH\CodeIgniter.php(354): CodeIgniter\CodeIgniter->handleRequest(null, Object(Config\Cache), false)
 4 SYSTEMPATH\Boot.php(363): CodeIgniter\CodeIgniter->run()
 5 SYSTEMPATH\Boot.php(68): CodeIgniter\Boot::runCodeIgniter(Object(CodeIgniter\CodeIgniter))
 6 FCPATH\index.php(59): CodeIgniter\Boot::bootWeb(Object(Config\Paths))
WARNING - 2026-05-10 12:49:58 --> [DEPRECATED] Creation of dynamic property App\Controllers\Home::$mymodel is deprecated in APPPATH\Controllers\BaseController.php on line 42.
 1 SYSTEMPATH\CodeIgniter.php(904): App\Controllers\BaseController->initController(Object(CodeIgniter\HTTP\IncomingRequest), Object(CodeIgniter\HTTP\Response), Object(CodeIgniter\Log\Logger))
 2 SYSTEMPATH\CodeIgniter.php(498): CodeIgniter\CodeIgniter->createController()
 3 SYSTEMPATH\CodeIgniter.php(354): CodeIgniter\CodeIgniter->handleRequest(null, Object(Config\Cache), false)
 4 SYSTEMPATH\Boot.php(363): CodeIgniter\CodeIgniter->run()
 5 SYSTEMPATH\Boot.php(68): CodeIgniter\Boot::runCodeIgniter(Object(CodeIgniter\CodeIgniter))
 6 FCPATH\index.php(59): CodeIgniter\Boot::bootWeb(Object(Config\Paths))
WARNING - 2026-05-10 12:49:58 --> [DEPRECATED] Creation of dynamic property App\Controllers\Home::$session is deprecated in APPPATH\Controllers\BaseController.php on line 46.
 1 SYSTEMPATH\CodeIgniter.php(904): App\Controllers\BaseController->initController(Object(CodeIgniter\HTTP\IncomingRequest), Object(CodeIgniter\HTTP\Response), Object(CodeIgniter\Log\Logger))
 2 SYSTEMPATH\CodeIgniter.php(498): CodeIgniter\CodeIgniter->createController()
 3 SYSTEMPATH\CodeIgniter.php(354): CodeIgniter\CodeIgniter->handleRequest(null, Object(Config\Cache), false)
 4 SYSTEMPATH\Boot.php(363): CodeIgniter\CodeIgniter->run()
 5 SYSTEMPATH\Boot.php(68): CodeIgniter\Boot::runCodeIgniter(Object(CodeIgniter\CodeIgniter))
 6 FCPATH\index.php(59): CodeIgniter\Boot::bootWeb(Object(Config\Paths))
ERROR - 2026-05-10 12:49:58 --> Error connecting to the database: mysqli_sql_exception: Access denied for user 'root'@'localhost' (using password: NO) in C:\xampp\htdocs\lead\system\Database\MySQLi\Connection.php:201
Stack trace:
#0 C:\xampp\htdocs\lead\system\Database\MySQLi\Connection.php(201): mysqli->real_connect('localhost', 'root', Object(SensitiveParameterValue), 'lead', 3306, '', 0)
#1 C:\xampp\htdocs\lead\system\Database\BaseConnection.php(419): CodeIgniter\Database\MySQLi\Connection->connect(false)
#2 C:\xampp\htdocs\lead\system\Database\BaseConnection.php(614): CodeIgniter\Database\BaseConnection->initialize()
#3 C:\xampp\htdocs\lead\system\Database\BaseBuilder.php(1649): CodeIgniter\Database\BaseConnection->query('SELECT *\nFROM `...', Array, false)
#4 C:\xampp\htdocs\lead\app\Models\Mymodel.php(38): CodeIgniter\Database\BaseBuilder->get()
#5 C:\xampp\htdocs\lead\app\Controllers\Home.php(9): App\Models\Mymodel->select_data('lead_master')
#6 C:\xampp\htdocs\lead\system\CodeIgniter.php(933): App\Controllers\Home->index()
#7 C:\xampp\htdocs\lead\system\CodeIgniter.php(507): CodeIgniter\CodeIgniter->runController(Object(App\Controllers\Home))
#8 C:\xampp\htdocs\lead\system\CodeIgniter.php(354): CodeIgniter\CodeIgniter->handleRequest(NULL, Object(Config\Cache), false)
#9 C:\xampp\htdocs\lead\system\Boot.php(363): CodeIgniter\CodeIgniter->run()
#10 C:\xampp\htdocs\lead\system\Boot.php(68): CodeIgniter\Boot::runCodeIgniter(Object(CodeIgniter\CodeIgniter))
#11 C:\xampp\htdocs\lead\index.php(59): CodeIgniter\Boot::bootWeb(Object(Config\Paths))
#12 {main}

Next CodeIgniter\Database\Exceptions\DatabaseException: Access denied for user '****'@'localhost' (using password: NO) in C:\xampp\htdocs\lead\system\Database\MySQLi\Connection.php:246
Stack trace:
#0 C:\xampp\htdocs\lead\system\Database\BaseConnection.php(419): CodeIgniter\Database\MySQLi\Connection->connect(false)
#1 C:\xampp\htdocs\lead\system\Database\BaseConnection.php(614): CodeIgniter\Database\BaseConnection->initialize()
#2 C:\xampp\htdocs\lead\system\Database\BaseBuilder.php(1649): CodeIgniter\Database\BaseConnection->query('SELECT *\nFROM `...', Array, false)
#3 C:\xampp\htdocs\lead\app\Models\Mymodel.php(38): CodeIgniter\Database\BaseBuilder->get()
#4 C:\xampp\htdocs\lead\app\Controllers\Home.php(9): App\Models\Mymodel->select_data('lead_master')
#5 C:\xampp\htdocs\lead\system\CodeIgniter.php(933): App\Controllers\Home->index()
#6 C:\xampp\htdocs\lead\system\CodeIgniter.php(507): CodeIgniter\CodeIgniter->runController(Object(App\Controllers\Home))
#7 C:\xampp\htdocs\lead\system\CodeIgniter.php(354): CodeIgniter\CodeIgniter->handleRequest(NULL, Object(Config\Cache), false)
#8 C:\xampp\htdocs\lead\system\Boot.php(363): CodeIgniter\CodeIgniter->run()
#9 C:\xampp\htdocs\lead\system\Boot.php(68): CodeIgniter\Boot::runCodeIgniter(Object(CodeIgniter\CodeIgniter))
#10 C:\xampp\htdocs\lead\index.php(59): CodeIgniter\Boot::bootWeb(Object(Config\Paths))
#11 {main}
CRITICAL - 2026-05-10 12:49:58 --> CodeIgniter\Database\Exceptions\DatabaseException: Unable to connect to the database.
Main connection [MySQLi]: Access denied for user '****'@'localhost' (using password: NO)
[Method: GET, Route: /]
in SYSTEMPATH\Database\BaseConnection.php on line 465.
 1 SYSTEMPATH\Database\BaseConnection.php(614): CodeIgniter\Database\BaseConnection->initialize()
 2 SYSTEMPATH\Database\BaseBuilder.php(1649): CodeIgniter\Database\BaseConnection->query('SELECT *
FROM `lds_lead_master`
ORDER BY `id` DESC', [], false)
 3 APPPATH\Models\Mymodel.php(38): CodeIgniter\Database\BaseBuilder->get()
 4 APPPATH\Controllers\Home.php(9): App\Models\Mymodel->select_data('lead_master')
 5 SYSTEMPATH\CodeIgniter.php(933): App\Controllers\Home->index()
 6 SYSTEMPATH\CodeIgniter.php(507): CodeIgniter\CodeIgniter->runController(Object(App\Controllers\Home))
 7 SYSTEMPATH\CodeIgniter.php(354): CodeIgniter\CodeIgniter->handleRequest(null, Object(Config\Cache), false)
 8 SYSTEMPATH\Boot.php(363): CodeIgniter\CodeIgniter->run()
 9 SYSTEMPATH\Boot.php(68): CodeIgniter\Boot::runCodeIgniter(Object(CodeIgniter\CodeIgniter))
10 FCPATH\index.php(59): CodeIgniter\Boot::bootWeb(Object(Config\Paths))
DEBUG - 2026-05-10 12:49:59 --> Session: Class initialized using 'CodeIgniter\Session\Handlers\FileHandler' driver.
WARNING - 2026-05-10 12:49:59 --> [DEPRECATED] Creation of dynamic property App\Controllers\Home::$db is deprecated in APPPATH\Controllers\BaseController.php on line 41.
 1 SYSTEMPATH\CodeIgniter.php(904): App\Controllers\BaseController->initController(Object(CodeIgniter\HTTP\IncomingRequest), Object(CodeIgniter\HTTP\Response), Object(CodeIgniter\Log\Logger))
 2 SYSTEMPATH\CodeIgniter.php(498): CodeIgniter\CodeIgniter->createController()
 3 SYSTEMPATH\CodeIgniter.php(354): CodeIgniter\CodeIgniter->handleRequest(null, Object(Config\Cache), false)
 4 SYSTEMPATH\Boot.php(363): CodeIgniter\CodeIgniter->run()
 5 SYSTEMPATH\Boot.php(68): CodeIgniter\Boot::runCodeIgniter(Object(CodeIgniter\CodeIgniter))
 6 FCPATH\index.php(59): CodeIgniter\Boot::bootWeb(Object(Config\Paths))
WARNING - 2026-05-10 12:49:59 --> [DEPRECATED] Creation of dynamic property App\Controllers\Home::$mymodel is deprecated in APPPATH\Controllers\BaseController.php on line 42.
 1 SYSTEMPATH\CodeIgniter.php(904): App\Controllers\BaseController->initController(Object(CodeIgniter\HTTP\IncomingRequest), Object(CodeIgniter\HTTP\Response), Object(CodeIgniter\Log\Logger))
 2 SYSTEMPATH\CodeIgniter.php(498): CodeIgniter\CodeIgniter->createController()
 3 SYSTEMPATH\CodeIgniter.php(354): CodeIgniter\CodeIgniter->handleRequest(null, Object(Config\Cache), false)
 4 SYSTEMPATH\Boot.php(363): CodeIgniter\CodeIgniter->run()
 5 SYSTEMPATH\Boot.php(68): CodeIgniter\Boot::runCodeIgniter(Object(CodeIgniter\CodeIgniter))
 6 FCPATH\index.php(59): CodeIgniter\Boot::bootWeb(Object(Config\Paths))
WARNING - 2026-05-10 12:49:59 --> [DEPRECATED] Creation of dynamic property App\Controllers\Home::$session is deprecated in APPPATH\Controllers\BaseController.php on line 46.
 1 SYSTEMPATH\CodeIgniter.php(904): App\Controllers\BaseController->initController(Object(CodeIgniter\HTTP\IncomingRequest), Object(CodeIgniter\HTTP\Response), Object(CodeIgniter\Log\Logger))
 2 SYSTEMPATH\CodeIgniter.php(498): CodeIgniter\CodeIgniter->createController()
 3 SYSTEMPATH\CodeIgniter.php(354): CodeIgniter\CodeIgniter->handleRequest(null, Object(Config\Cache), false)
 4 SYSTEMPATH\Boot.php(363): CodeIgniter\CodeIgniter->run()
 5 SYSTEMPATH\Boot.php(68): CodeIgniter\Boot::runCodeIgniter(Object(CodeIgniter\CodeIgniter))
 6 FCPATH\index.php(59): CodeIgniter\Boot::bootWeb(Object(Config\Paths))
ERROR - 2026-05-10 12:49:59 --> Error connecting to the database: mysqli_sql_exception: Access denied for user 'root'@'localhost' (using password: NO) in C:\xampp\htdocs\lead\system\Database\MySQLi\Connection.php:201
Stack trace:
#0 C:\xampp\htdocs\lead\system\Database\MySQLi\Connection.php(201): mysqli->real_connect('localhost', 'root', Object(SensitiveParameterValue), 'lead', 3306, '', 0)
#1 C:\xampp\htdocs\lead\system\Database\BaseConnection.php(419): CodeIgniter\Database\MySQLi\Connection->connect(false)
#2 C:\xampp\htdocs\lead\system\Database\BaseConnection.php(614): CodeIgniter\Database\BaseConnection->initialize()
#3 C:\xampp\htdocs\lead\system\Database\BaseBuilder.php(1649): CodeIgniter\Database\BaseConnection->query('SELECT *\nFROM `...', Array, false)
#4 C:\xampp\htdocs\lead\app\Models\Mymodel.php(38): CodeIgniter\Database\BaseBuilder->get()
#5 C:\xampp\htdocs\lead\app\Controllers\Home.php(9): App\Models\Mymodel->select_data('lead_master')
#6 C:\xampp\htdocs\lead\system\CodeIgniter.php(933): App\Controllers\Home->index()
#7 C:\xampp\htdocs\lead\system\CodeIgniter.php(507): CodeIgniter\CodeIgniter->runController(Object(App\Controllers\Home))
#8 C:\xampp\htdocs\lead\system\CodeIgniter.php(354): CodeIgniter\CodeIgniter->handleRequest(NULL, Object(Config\Cache), false)
#9 C:\xampp\htdocs\lead\system\Boot.php(363): CodeIgniter\CodeIgniter->run()
#10 C:\xampp\htdocs\lead\system\Boot.php(68): CodeIgniter\Boot::runCodeIgniter(Object(CodeIgniter\CodeIgniter))
#11 C:\xampp\htdocs\lead\index.php(59): CodeIgniter\Boot::bootWeb(Object(Config\Paths))
#12 {main}

Next CodeIgniter\Database\Exceptions\DatabaseException: Access denied for user '****'@'localhost' (using password: NO) in C:\xampp\htdocs\lead\system\Database\MySQLi\Connection.php:246
Stack trace:
#0 C:\xampp\htdocs\lead\system\Database\BaseConnection.php(419): CodeIgniter\Database\MySQLi\Connection->connect(false)
#1 C:\xampp\htdocs\lead\system\Database\BaseConnection.php(614): CodeIgniter\Database\BaseConnection->initialize()
#2 C:\xampp\htdocs\lead\system\Database\BaseBuilder.php(1649): CodeIgniter\Database\BaseConnection->query('SELECT *\nFROM `...', Array, false)
#3 C:\xampp\htdocs\lead\app\Models\Mymodel.php(38): CodeIgniter\Database\BaseBuilder->get()
#4 C:\xampp\htdocs\lead\app\Controllers\Home.php(9): App\Models\Mymodel->select_data('lead_master')
#5 C:\xampp\htdocs\lead\system\CodeIgniter.php(933): App\Controllers\Home->index()
#6 C:\xampp\htdocs\lead\system\CodeIgniter.php(507): CodeIgniter\CodeIgniter->runController(Object(App\Controllers\Home))
#7 C:\xampp\htdocs\lead\system\CodeIgniter.php(354): CodeIgniter\CodeIgniter->handleRequest(NULL, Object(Config\Cache), false)
#8 C:\xampp\htdocs\lead\system\Boot.php(363): CodeIgniter\CodeIgniter->run()
#9 C:\xampp\htdocs\lead\system\Boot.php(68): CodeIgniter\Boot::runCodeIgniter(Object(CodeIgniter\CodeIgniter))
#10 C:\xampp\htdocs\lead\index.php(59): CodeIgniter\Boot::bootWeb(Object(Config\Paths))
#11 {main}
CRITICAL - 2026-05-10 12:49:59 --> CodeIgniter\Database\Exceptions\DatabaseException: Unable to connect to the database.
Main connection [MySQLi]: Access denied for user '****'@'localhost' (using password: NO)
[Method: GET, Route: /]
in SYSTEMPATH\Database\BaseConnection.php on line 465.
 1 SYSTEMPATH\Database\BaseConnection.php(614): CodeIgniter\Database\BaseConnection->initialize()
 2 SYSTEMPATH\Database\BaseBuilder.php(1649): CodeIgniter\Database\BaseConnection->query('SELECT *
FROM `lds_lead_master`
ORDER BY `id` DESC', [], false)
 3 APPPATH\Models\Mymodel.php(38): CodeIgniter\Database\BaseBuilder->get()
 4 APPPATH\Controllers\Home.php(9): App\Models\Mymodel->select_data('lead_master')
 5 SYSTEMPATH\CodeIgniter.php(933): App\Controllers\Home->index()
 6 SYSTEMPATH\CodeIgniter.php(507): CodeIgniter\CodeIgniter->runController(Object(App\Controllers\Home))
 7 SYSTEMPATH\CodeIgniter.php(354): CodeIgniter\CodeIgniter->handleRequest(null, Object(Config\Cache), false)
 8 SYSTEMPATH\Boot.php(363): CodeIgniter\CodeIgniter->run()
 9 SYSTEMPATH\Boot.php(68): CodeIgniter\Boot::runCodeIgniter(Object(CodeIgniter\CodeIgniter))
10 FCPATH\index.php(59): CodeIgniter\Boot::bootWeb(Object(Config\Paths))
